r_distance,g_r_AA,g_r_BB,g_r_AB,g_r_WW
5.000000000000000278e-02,0.000000000000000000e+00,0.000000000000000000e+00,0.000000000000000000e+00,0.000000000000000000e+00
1.500000000000000222e-01,0.000000000000000000e+00,0.000000000000000000e+00,0.000000000000000000e+00,0.000000000000000000e+00
2.500000000000000000e-01,0.000000000000000000e+00,0.000000000000000000e+00,0.000000000000000000e+00,0.000000000000000000e+00
3.500000000000000333e-01,0.000000000000000000e+00,0.000000000000000000e+00,0.000000000000000000e+00,0.000000000000000000e+00
4.500000000000000111e-01,0.000000000000000000e+00,0.000000000000000000e+00,0.000000000000000000e+00,0.000000000000000000e+00
5.500000000000000444e-01,0.000000000000000000e+00,0.000000000000000000e+00,0.000000000000000000e+00,0.000000000000000000e+00
6.500000000000001332e-01,0.000000000000000000e+00,0.000000000000000000e+00,0.000000000000000000e+00,0.000000000000000000e+00
7.500000000000000000e-01,0.000000000000000000e+00,0.000000000000000000e+00,0.000000000000000000e+00,0.000000000000000000e+00
8.500000000000000888e-01,0.000000000000000000e+00,0.000000000000000000e+00,0.000000000000000000e+00,0.000000000000000000e+00
9.499999999999999556e-01,0.000000000000000000e+00,0.000000000000000000e+00,0.000000000000000000e+00,0.000000000000000000e+00
1.050000000000000044e+00,0.000000000000000000e+00,0.000000000000000000e+00,0.000000000000000000e+00,0.000000000000000000e+00
1.150000000000000133e+00,0.000000000000000000e+00,0.000000000000000000e+00,0.000000000000000000e+00,0.000000000000000000e+00
1.250000000000000000e+00,0.000000000000000000e+00,0.000000000000000000e+00,0.000000000000000000e+00,0.000000000000000000e+00
1.350000000000000089e+00,0.000000000000000000e+00,0.000000000000000000e+00,0.000000000000000000e+00,0.000000000000000000e+00
1.450000000000000178e+00,0.000000000000000000e+00,0.000000000000000000e+00,0.000000000000000000e+00,0.000000000000000000e+00
1.550000000000000044e+00,0.000000000000000000e+00,0.000000000000000000e+00,0.000000000000000000e+00,0.000000000000000000e+00
1.650000000000000133e+00,1.211682358337411431e-07,0.000000000000000000e+00,0.000000000000000000e+00,0.000000000000000000e+00
1.750000000000000000e+00,4.425318488282942831e-06,0.000000000000000000e+00,0.000000000000000000e+00,0.000000000000000000e+00
1.850000000000000089e+00,4.418481894492338634e-05,0.000000000000000000e+00,0.000000000000000000e+00,0.000000000000000000e+00
1.950000000000000178e+00,2.953775394070927104e-04,0.000000000000000000e+00,2.404407147824669314e-08,0.000000000000000000e+00
2.049999999999999822e+00,1.491962194355242292e-03,0.000000000000000000e+00,1.880550627476041608e-06,7.688288337250276470e-05
2.150000000000000355e+00,6.110469518738865548e-03,0.000000000000000000e+00,2.559722535964087327e-05,1.230336739769320210e-02
2.250000000000000000e+00,2.075984925446141410e-02,3.644499957485140615e-08,1.899032849720448234e-04,1.837149238474099222e-01
2.350000000000000533e+00,5.914142266771175299e-02,1.057682103787240717e-06,1.031844026734356776e-03,7.330666910879001241e-01
2.450000000000000178e+00,1.424238332904289861e-01,1.496379452739710677e-05,4.481197226343271514e-03,1.416852979107201538e+00
2.549999999999999822e+00,2.923235904281392683e-01,1.179739284650434180e-04,1.601484818718331565e-02,1.847441886926881827e+00
2.650000000000000355e+00,5.163669825154412196e-01,6.702034921544434672e-04,4.774948794277918129e-02,1.963686987488241664e+00
2.750000000000000000e+00,7.944553456580303319e-01,3.036414329186724621e-03,1.199511060725348965e-01,1.890991354460298313e+00
2.850000000000000533e+00,1.080300858557237120e+00,1.133406997432110340e-02,2.563944390348906754e-01,1.742459514815939858e+00
2.950000000000000178e+00,1.320722387282357246e+00,3.536704115306534002e-02,4.713226814899486583e-01,1.581480481098510360e+00
3.049999999999999822e+00,1.479269161740401239e+00,9.313098335849061271e-02,7.540880161565008954e-01,1.436019684945040176e+00
3.150000000000000355e+00,1.547481923785793967e+00,2.088353161329178365e-01,1.064399134242954847e+00,1.312932916889216761e+00
3.250000000000000000e+00,1.539901074347217680e+00,4.026787741811181376e-01,1.345949067922645348e+00,1.212585563259179322e+00
3.350000000000000533e+00,1.481467479624327455e+00,6.749087141557476022e-01,1.550803067851184602e+00,1.131792746638874414e+00
3.450000000000000178e+00,1.396826479790646669e+00,9.952258869086051396e-01,1.657514194033248511e+00,1.068467448354134541e+00
3.549999999999999822e+00,1.305043610811003507e+00,1.309110180886219554e+00,1.672869444622934632e+00,1.019025963355157716e+00
3.650000000000000355e+00,1.218561516710314097e+00,1.560334710882466780e+00,1.621117916593532549e+00,9.809765971174024823e-01
3.750000000000000000e+00,1.143987542962074055e+00,1.714534723679475681e+00,1.530771267564607685e+00,9.536297508881120821e-01
3.850000000000000533e+00,1.083250570945035962e+00,1.768096346648805328e+00,1.425748837632043520e+00,9.336283868401098474e-01
3.950000000000000178e+00,1.035152450270641955e+00,1.740358197813575369e+00,1.322102127438237185e+00,9.211589043039931646e-01
4.050000000000000711e+00,9.974189703207314572e-01,1.659273334581230719e+00,1.228567126339178195e+00,9.161063883310988087e-01
4.150000000000000355e+00,9.684402466398167597e-01,1.550550841230861288e+00,1.148674277999937487e+00,9.163890156380510854e-01
4.250000000000000000e+00,9.475735834089527021e-01,1.433247218169777071e+00,1.082889058834314078e+00,9.216141968813420515e-01
4.349999999999999645e+00,9.341796247914440077e-01,1.319852300267305489e+00,1.030195961246124670e+00,9.326145626879288608e-01
4.450000000000000178e+00,9.270609300245569173e-01,1.217934698196531329e+00,9.891046724021264058e-01,9.465521222763656484e-01
4.550000000000000711e+00,9.252886086173753855e-01,1.131517607172160877e+00,9.582369648617011793e-01,9.651341736352520018e-01
4.650000000000000355e+00,9.291800207825913205e-01,1.061952023485917884e+00,9.366101941831215250e-01,9.853214843024121761e-01
4.750000000000000000e+00,9.395737438634875760e-01,1.008736621152723556e+00,9.235364806388874914e-01,1.007740186902573720e+00
4.850000000000000533e+00,9.557931618866157830e-01,9.703601600198502597e-01,9.183089785307114727e-01,1.027978931369452065e+00
4.950000000000000178e+00,9.748917796314420237e-01,9.449714341012301899e-01,9.200782923900936439e-01,1.046155205286556589e+00
5.050000000000000711e+00,9.934190683555803592e-01,9.307434016838889157e-01,9.279894200868926690e-01,1.058622123622643629e+00
5.150000000000000355e+00,1.009683441651235247e+00,9.260552977916389761e-01,9.411983003170197870e-01,1.066700963510675226e+00
5.250000000000000000e+00,1.023915113036701685e+00,9.296174537850079300e-01,9.585908169625794173e-01,1.068768956733786357e+00
5.350000000000000533e+00,1.036662318647548098e+00,9.404810003453059064e-01,9.785542899249439763e-01,1.066752825658325632e+00
5.450000000000000178e+00,1.047697668855714248e+00,9.578786813872434136e-01,9.991741613490918716e-01,1.062529566023432182e+00
5.550000000000000711e+00,1.056351037760618228e+00,9.809396767699560815e-01,1.018700996424814598e+00,1.055944611961269430e+00
5.650000000000000355e+00,1.062194155039368759e+00,1.008253555971539761e+00,1.035913533405661724e+00,1.048548294301414607e+00
5.750000000000000000e+00,1.065123500687638725e+00,1.037545509528402965e+00,1.050175779507489970e+00,1.040741872312769489e+00
5.850000000000000533e+00,1.065045487398821766e+00,1.065948856212820317e+00,1.061203807332032900e+00,1.033019434607500564e+00
5.950000000000000178e+00,1.061768472956229559e+00,1.090804472388058777e+00,1.068786531070982981e+00,1.026373131910970571e+00
6.050000000000000711e+00,1.055238705511958086e+00,1.110293153411000544e+00,1.072866433324959567e+00,1.020104854665902172e+00
6.150000000000000355e+00,1.045951133748480366e+00,1.123528628183470879e+00,1.073841685300607640e+00,1.014496350604019437e+00
6.250000000000000000e+00,1.035210221797803865e+00,1.130356078368916828e+00,1.072390737895878132e+00,1.010082750429738940e+00
6.350000000000000533e+00,1.024820197018726953e+00,1.131099875826386381e+00,1.068814306736656228e+00,1.007112084959776555e+00
6.450000000000000178e+00,1.016212078582083622e+00,1.126369033877282710e+00,1.062871963006037701e+00,1.004523825234358458e+00
6.550000000000000711e+00,1.009801726409323752e+00,1.117090940684488665e+00,1.054474604888029798e+00,1.003664914684191389e+00
6.650000000000000355e+00,1.005213051943873559e+00,1.104701521085256655e+00,1.044349334906621074e+00,1.003365497962769082e+00
6.750000000000000000e+00,1.001944557206857267e+00,1.090972697930073565e+00,1.033927657918657594e+00,1.003594002094182924e+00
6.850000000000000533e+00,9.997156149335382214e-01,1.077339281357130307e+00,1.024677475408228622e+00,1.004362966657717404e+00
6.950000000000000178e+00,9.984269418438251886e-01,1.064447346218953649e+00,1.017452078649491609e+00,1.005539395231003441e+00
7.050000000000000711e+00,9.980425515880876342e-01,1.052444220150743792e+00,1.012271671806007634e+00,1.007540979777442836e+00
7.150000000000000355e+00,9.984773918232923151e-01,1.041456255702105205e+00,1.008619659801889501e+00,1.008953649713336231e+00
7.250000000000000000e+00,9.995083730632527974e-01,1.031572466704810287e+00,1.005949398393406469e+00,1.010959524739804882e+00
7.350000000000000533e+00,1.000869199438183754e+00,1.022673753419600651e+00,1.004001404351557269e+00,1.011950819452151817e+00
7.450000000000000178e+00,1.002484634403820074e+00,1.014741252620028567e+00,1.002811468751071189e+00,1.013659319136532178e+00
7.550000000000000711e+00,1.004527095046360508e+00,1.008259190570831576e+00,1.002516313846657514e+00,1.014522613066522361e+00
7.650000000000000355e+00,1.007134531690731860e+00,1.003904890110741910e+00,1.003170924988521451e+00,1.015409216575640983e+00
7.750000000000000000e+00,1.010088955619724338e+00,1.001837877749806260e+00,1.004698420890598243e+00,1.015306242835991579e+00
7.850000000000000533e+00,1.012878248779320867e+00,1.001588898708715591e+00,1.006884539180750604e+00,1.014760447111794806e+00
7.950000000000000178e+00,1.015152842966942970e+00,1.002592234406642691e+00,1.009358372926235647e+00,1.014231545051522465e+00
8.050000000000000711e+00,1.017020936057424940e+00,1.004449327093925426e+00,1.011715560762358024e+00,1.013566952746957961e+00
8.150000000000000355e+00,1.018726139133491859e+00,1.006632972576139817e+00,1.013787919822860761e+00,1.012673011134415324e+00
8.250000000000000000e+00,1.020036702888601710e+00,1.008398076476232808e+00,1.015693666550536722e+00,1.012072491019036402e+00
8.350000000000001421e+00,1.020226215278315474e+00,1.009188450629996181e+00,1.017514337357377618e+00,1.010987631680152710e+00
8.449999999999999289e+00,1.018860898567804485e+00,1.008853123311086231e+00,1.019052163180347748e+00,1.010265050298073897e+00
8.550000000000000711e+00,1.016423282676039985e+00,1.007473656856901822e+00,1.020080316350512328e+00,1.009194956573872926e+00
8.650000000000000355e+00,1.013955013840677433e+00,1.005386791419518255e+00,1.020740929311066969e+00,1.008432122391227148e+00
8.750000000000000000e+00,1.012180316806245983e+00,1.003300577546023753e+00,1.021440401156420874e+00,1.007928707564955007e+00
8.850000000000001421e+00,1.011085016383405311e+00,1.001915791207241835e+00,1.022295243023709554e+00,1.007269910291137993e+00
8.949999999999999289e+00,1.010179659549165887e+00,1.001357697448446826e+00,1.022855786061649619e+00,1.006662460093902700e+00
9.050000000000000711e+00,1.008959464660646344e+00,1.001145500285353096e+00,1.022466443999165087e+00,1.006702532383410009e+00
9.150000000000000355e+00,1.007201160233806014e+00,1.000624785527831184e+00,1.020804749850831694e+00,1.006324965040522379e+00
9.250000000000000000e+00,1.005103262725793201e+00,9.993442129629315218e-01,1.018058668174611547e+00,1.006153160532938573e+00
9.350000000000001421e+00,1.003189190249679230e+00,9.972402344703590327e-01,1.014752181518784324e+00,1.006210715849655379e+00
9.449999999999999289e+00,1.001867692195801407e+00,9.946670204092566969e-01,1.011498006002482741e+00,1.005971316398054594e+00
9.550000000000000711e+00,1.001096408466596532e+00,9.922153552967273304e-01,1.008819680219964932e+00,1.006507523848153562e+00
9.650000000000002132e+00,1.000611556054281426e+00,9.903927391482653109e-01,1.007055969463829470e+00,1.006272799791254391e+00
9.750000000000000000e+00,1.000314342991913907e+00,9.893848651743109013e-01,1.006287242421496142e+00,1.006373905539842850e+00
9.850000000000001421e+00,1.000226475688265504e+00,9.890334729248785317e-01,1.006260052621501977e+00,1.006420276846387241e+00
9.949999999999999289e+00,1.000258419919125785e+00,9.889953492345705532e-01,1.006463108609770396e+00,1.006337004904350740e+00
