training_step,loss
0.000000000000000000e+00,1.160152501532712294e-03
1.000000000000000000e+00,1.160149581052832227e-03
2.000000000000000000e+00,1.159902495948493843e-03
3.000000000000000000e+00,1.159869951504071718e-03
4.000000000000000000e+00,1.159759112899789568e-03
5.000000000000000000e+00,1.159756480223112429e-03
6.000000000000000000e+00,1.159437618155130306e-03
7.000000000000000000e+00,1.159345295806889177e-03
8.000000000000000000e+00,1.158851327084785493e-03
9.000000000000000000e+00,1.161217308625302810e-03
1.000000000000000000e+01,1.161400989252689897e-03
1.100000000000000000e+01,1.158945023325506441e-03
1.200000000000000000e+01,1.159634372438838549e-03
1.300000000000000000e+01,1.160927344162948540e-03
1.400000000000000000e+01,1.156590357530398391e-03
1.500000000000000000e+01,1.156657899310737812e-03
1.600000000000000000e+01,1.154727905802243899e-03
1.700000000000000000e+01,1.152625391167430265e-03
1.800000000000000000e+01,1.152039933249632189e-03
1.900000000000000000e+01,1.149292702349145965e-03
2.000000000000000000e+01,1.140976670658768897e-03
2.100000000000000000e+01,1.139320006361024861e-03
2.200000000000000000e+01,1.129458663500982523e-03
2.300000000000000000e+01,1.114073847654552382e-03
2.400000000000000000e+01,1.092159844639318655e-03
2.500000000000000000e+01,1.065377082645176674e-03
2.600000000000000000e+01,1.027473002220870941e-03
2.700000000000000000e+01,9.738266680112322776e-04
2.800000000000000000e+01,9.029572939981420424e-04
2.900000000000000000e+01,8.111584403834944026e-04
3.000000000000000000e+01,6.971372873862310407e-04
3.100000000000000000e+01,5.500586288720854533e-04
3.200000000000000000e+01,3.884058811806209623e-04
3.300000000000000000e+01,2.349305735572111405e-04
3.400000000000000000e+01,9.304014320009802339e-05
3.500000000000000000e+01,6.767783838209023858e-06
3.600000000000000000e+01,2.422642984077927420e-05
3.700000000000000000e+01,1.318676786302722603e-04
3.800000000000000000e+01,2.284498915047252746e-04
3.900000000000000000e+01,2.350423090932677488e-04
4.000000000000000000e+01,1.801848647978661116e-04
4.100000000000000000e+01,9.944848436024639681e-05
4.200000000000000000e+01,3.566731577316677930e-05
4.300000000000000000e+01,3.780165266386312067e-06
4.400000000000000000e+01,2.834870457899250877e-06
4.500000000000000000e+01,2.254023391229143352e-05
4.600000000000000000e+01,4.626778071664646504e-05
4.700000000000000000e+01,6.908972168028003173e-05
4.800000000000000000e+01,8.006411178641149190e-05
4.900000000000000000e+01,8.012087919439159125e-05
5.000000000000000000e+01,7.042280140337097620e-05
5.100000000000000000e+01,5.214576580322266406e-05
5.200000000000000000e+01,3.460429165103561384e-05
5.300000000000000000e+01,1.467769006259380466e-05
5.400000000000000000e+01,2.869245550710455923e-06
5.500000000000000000e+01,1.243610615514997049e-07
5.600000000000000000e+01,5.466689868414297991e-06
5.700000000000000000e+01,1.563085230620017265e-05
5.800000000000000000e+01,2.433786281961943632e-05
5.900000000000000000e+01,2.817793032666446529e-05
6.000000000000000000e+01,2.535465731325567960e-05
6.100000000000000000e+01,1.800149823507070945e-05
6.200000000000000000e+01,9.326962125896250174e-06
6.300000000000000000e+01,2.706770412102421420e-06
6.400000000000000000e+01,4.155479766750277422e-08
6.500000000000000000e+01,1.044644624448199656e-06
6.600000000000000000e+01,4.228898971186503151e-06
6.700000000000000000e+01,7.514222370922753064e-06
6.800000000000000000e+01,9.940676989677160307e-06
6.900000000000000000e+01,1.030629330820871377e-05
7.000000000000000000e+01,8.919946222698151757e-06
7.100000000000000000e+01,6.377236108880174612e-06
7.200000000000000000e+01,2.954152663605893194e-06
7.300000000000000000e+01,9.859285061195176409e-07
7.400000000000000000e+01,2.592177661784115459e-08
7.500000000000000000e+01,4.106668111679450175e-07
7.600000000000000000e+01,1.589150127785262643e-06
7.700000000000000000e+01,2.980659352477007916e-06
7.800000000000000000e+01,3.821775907238902615e-06
7.900000000000000000e+01,3.747713385285879427e-06
8.000000000000000000e+01,2.713137512717639806e-06
8.100000000000000000e+01,1.544224182227408040e-06
8.200000000000000000e+01,5.166575821098452830e-07
8.300000000000000000e+01,2.887044546155956814e-08
8.400000000000000000e+01,8.672442638387882539e-08
8.500000000000000000e+01,5.110677589646131936e-07
8.600000000000000000e+01,1.041667933399184767e-06
8.700000000000000000e+01,1.384316624279442079e-06
8.800000000000000000e+01,1.417074513342869973e-06
8.900000000000000000e+01,1.192935308675061555e-06
9.000000000000000000e+01,6.130880214725347605e-07
9.100000000000000000e+01,2.506023514240714248e-07
9.200000000000000000e+01,7.428883932448669789e-08
9.300000000000000000e+01,2.074004008327410971e-09
9.400000000000000000e+01,1.366615212054459282e-07
9.500000000000000000e+01,3.505003853739826111e-07
9.600000000000000000e+01,4.839127480550862708e-07
9.700000000000000000e+01,5.264104376230657997e-07
9.800000000000000000e+01,4.295717706867490776e-07
9.900000000000000000e+01,2.639550059196943734e-07
1.000000000000000000e+02,1.362795631080707927e-07
1.010000000000000000e+02,1.491165237415657131e-08
1.020000000000000000e+02,2.927451298998168740e-09
1.030000000000000000e+02,5.616899443782685338e-08
1.040000000000000000e+02,1.238022927035238471e-07
1.050000000000000000e+02,1.832911823140923851e-07
1.060000000000000000e+02,1.590402168878410518e-07
1.070000000000000000e+02,1.877539444765889743e-07
1.080000000000000000e+02,1.123513493970623708e-07
1.090000000000000000e+02,4.761614324945879675e-08
1.100000000000000000e+02,6.896809922109155822e-09
1.110000000000000000e+02,1.362905225667448447e-10
1.120000000000000000e+02,1.094006933678385126e-08
1.130000000000000000e+02,5.037452371886175761e-08
1.140000000000000000e+02,7.964460050679406734e-08
1.150000000000000000e+02,8.431675374814218541e-08
1.160000000000000000e+02,7.384010358246586681e-08
1.170000000000000000e+02,4.168246053769716674e-08
1.180000000000000000e+02,1.132925482679526878e-08
1.190000000000000000e+02,1.184755209960708419e-09
1.200000000000000000e+02,2.156956904566006591e-09
1.210000000000000000e+02,9.469928542781965049e-09
1.220000000000000000e+02,1.530762509165806395e-08
1.230000000000000000e+02,2.633980632864046936e-08
1.240000000000000000e+02,2.608024960905854696e-08
1.250000000000000000e+02,1.771358639394499111e-08
1.260000000000000000e+02,1.122738193526860849e-08
1.270000000000000000e+02,5.304187379151469416e-09
1.280000000000000000e+02,1.752159717004745573e-09
1.290000000000000000e+02,1.379758449731442861e-10
1.300000000000000000e+02,2.882385516808395891e-09
1.310000000000000000e+02,8.956293211645373003e-09
1.320000000000000000e+02,1.261370246755635919e-08
1.330000000000000000e+02,1.260517882493789087e-08
1.340000000000000000e+02,8.322547775416686116e-09
1.350000000000000000e+02,4.222334684857836523e-09
1.360000000000000000e+02,4.025059184865900006e-10
1.370000000000000000e+02,2.810529881331198069e-12
1.380000000000000000e+02,1.279861327977994106e-09
1.390000000000000000e+02,2.572013845714337624e-09
1.400000000000000000e+02,3.043700497798740764e-09
1.410000000000000000e+02,3.643235911732580358e-09
1.420000000000000000e+02,2.661176296202340773e-09
1.430000000000000000e+02,2.468538221122404857e-09
1.440000000000000000e+02,1.518567360078754093e-09
1.450000000000000000e+02,3.013936032702470904e-11
1.460000000000000000e+02,5.801254827610617466e-10
1.470000000000000000e+02,4.693552273345376239e-10
1.480000000000000000e+02,4.601574247133442266e-10
1.490000000000000000e+02,1.854031186352523084e-09
