lag_index,E_0.0000,E_0.0100,E_0.0200,E_0.0300,E_0.0400,E_0.0500,E_0.0600,E_0.0700,E_0.0800,E_0.0900,E_0.1000
0.000000000000000000e+00,0.000000000000000000e+00,8.519317831092443338e-03,3.209102251958215191e-02,6.773574085828631963e-02,1.124740996400224735e-01,1.633267256576138027e-01,2.173142457038712561e-01,2.714572865716267658e-01,3.227764750536790683e-01,3.682924379428599293e-01,4.050258020319768004e-01
1.000000000000000000e+00,0.000000000000000000e+00,6.697403596264361880e-03,2.522905189528065750e-02,5.325410116238243896e-02,8.843170766290611717e-02,1.284210276621824687e-01,1.708812174255575911e-01,2.134714332183446917e-01,2.538508313058923660e-01,2.896785679535359703e-01,3.186137994266012852e-01
2.000000000000000000e+00,0.000000000000000000e+00,5.265116347360848659e-03,1.983435752288187359e-02,4.186856172672104304e-02,6.952856715903579787e-02,1.009752120199812753e-01,1.343693345097124736e-01,1.678717728284000177e-01,1.996433651761864436e-01,2.278449497532374635e-01,2.506373647597111010e-01
3.000000000000000000e+00,0.000000000000000000e+00,4.139132537165468584e-03,1.559319767364904241e-02,3.291719669693378425e-02,5.466613089450135521e-02,7.939500155383187596e-02,1.056588099624113791e-01,1.320125574077140596e-01,1.570112451772326945e-01,1.792098745584363439e-01,1.971634468388206995e-01
4.000000000000000000e+00,0.000000000000000000e+00,3.253947416653024671e-03,1.225891545386470494e-02,2.587959279251338118e-02,4.298066811347754645e-02,6.242683009763790036e-02,8.308276742587032693e-02,1.038131687790588426e-01,1.234827228380748348e-01,1.409561182838021676e-01,1.550980437971242742e-01
5.000000000000000000e+00,0.000000000000000000e+00,2.558065196971992528e-03,9.637597338602504893e-03,2.034660125096475480e-02,3.379308176013105791e-02,4.908504369217422947e-02,6.533049187316514184e-02,8.163743112917568046e-02,9.711386628628365658e-02,1.108678021705537531e-01,1.220072436080633649e-01
6.000000000000000000e+00,0.000000000000000000e+00,2.011002037423562094e-03,7.576791024037188294e-03,1.599654127135539949e-02,2.656942709089171739e-02,3.859462279416078778e-02,5.137130269267699278e-02,6.419864109795708762e-02,7.637581232151088861e-02,8.720199067485581712e-02,9.597635046950639404e-02
7.000000000000000000e+00,0.000000000000000000e+00,1.580932269975889037e-03,5.956644399031520154e-03,1.257650936585810036e-02,2.088990014914703097e-02,3.034618972758980349e-02,4.039475107987672287e-02,5.048495718469869775e-02,6.006618102075039767e-02,6.858779556672013611e-02,7.549917380130079236e-02
8.000000000000000000e+00,0.000000000000000000e+00,1.242836131631598617e-03,4.682932232688282598e-03,9.887669862412396676e-03,1.642443058004745479e-02,2.386059594483612087e-02,3.176354751602131210e-02,3.970066685284280583e-02,4.723933551455004876e-02,5.394693506038010511e-02,5.939084704957810212e-02
9.000000000000000000e+00,0.000000000000000000e+00,9.770444661781445272e-04,3.681577149479059452e-03,7.773696977052518831e-03,1.291350287604817876e-02,1.876109377361581676e-02,2.497656859690446096e-02,3.122002627306356970e-02,3.715156572924483563e-02,4.243128589259608646e-02,4.671928569026663480e-02
1.000000000000000000e+01,0.000000000000000000e+00,7.680945772870016036e-04,2.894341893436439342e-03,6.111687324881391950e-03,1.015307624805497112e-02,1.475145403938926160e-02,1.963976607531750518e-02,2.455095773227209538e-02,2.921797438668751606e-02,3.337376141499613647e-02,3.675126419362977070e-02
1.100000000000000000e+01,0.000000000000000000e+00,6.038301655327971834e-04,2.275440446965809084e-03,4.805010521550997886e-03,7.982720066539803622e-03,1.159874875918489798e-02,1.544327627673752409e-02,1.930648229644944813e-02,2.297854649557385873e-02,2.624964855136225142e-02,2.890996814106491092e-02
1.200000000000000000e+01,0.000000000000000000e+00,4.746952445449817252e-04,1.788879418022474655e-03,3.777700180195871400e-03,6.276305190829116649e-03,9.119842109685808579e-03,1.214345859652928364e-02,1.518230231112308211e-02,1.807152091323234108e-02,2.064626206261887739e-02,2.274167341904656872e-02
1.300000000000000000e+01,0.000000000000000000e+00,3.731768492705941909e-04,1.406359591098857399e-03,2.970026516509530635e-03,4.934655916527174065e-03,7.170726082176949803e-03,9.548715304482898250e-03,1.193910187446977841e-02,1.421236408316265895e-02,1.623898022158722088e-02,1.788942858076593770e-02
1.400000000000000000e+01,0.000000000000000000e+00,2.933691726647478723e-04,1.105634654653026971e-03,2.335033391955910250e-03,3.879802330564324081e-03,5.638178416469355296e-03,7.508398595662053865e-03,9.388699814133819738e-03,1.117731901787503632e-02,1.277249315287719809e-02,1.407245916513098077e-02
1.500000000000000000e+01,0.000000000000000000e+00,2.306290423979440868e-04,8.692138238000357564e-04,1.835800825518569580e-03,3.050436528866060440e-03,4.433167415154736120e-03,5.904039965697206044e-03,7.383100661805840244e-03,8.790395984792118839e-03,1.004597241597027409e-02,1.106987643665089359e-02
1.600000000000000000e+01,0.000000000000000000e+00,1.813065464989970996e-04,6.833474188262063029e-04,1.443304466226962707e-03,2.398359537946512070e-03,3.485694483230194259e-03,4.642491151323203426e-03,5.805931391471308781e-03,6.913197052919514522e-03,7.901469984913058603e-03,8.707932036697195455e-03
1.700000000000000000e+01,0.000000000000000000e+00,1.425321477597123535e-04,5.372251397252180566e-04,1.134723798926078747e-03,1.885672948391836981e-03,2.740717411151897404e-03,3.650502010236079259e-03,4.565671568673736885e-03,5.436870909494251509e-03,6.214744855727926363e-03,6.849938230403136534e-03
1.800000000000000000e+01,0.000000000000000000e+00,1.120500129109178178e-04,4.223483637682285546e-04,8.921175207587664011e-04,1.482579952069272740e-03,2.154958125886714468e-03,2.870474510397798273e-03,3.590351573789425134e-03,4.275811784248471741e-03,4.888077609961499065e-03,5.388371519115702120e-03
1.900000000000000000e+01,0.000000000000000000e+00,8.808680271935390160e-05,3.320359748420279034e-04,7.013806623150280542e-04,1.165654011085203411e-03,1.694389167099526194e-03,2.257119276304940005e-03,2.823377484648412726e-03,3.362696938076736169e-03,3.844610782537319707e-03,4.238652163976500652e-03
2.000000000000000000e+01,0.000000000000000000e+00,6.924842015360206660e-05,2.610354757596258790e-04,5.514238595359082645e-04,9.164762642002721726e-04,1.332255382470553563e-03,1.774823907064533753e-03,2.220244530700021812e-03,2.644579946095064471e-03,3.023892845967133397e-03,3.334245923034254502e-03
2.100000000000000000e+01,0.000000000000000000e+00,5.443879639224942502e-05,2.052170926186286382e-04,4.335277492535901181e-04,7.205636268715603227e-04,1.047517586047050711e-03,1.395582487354372382e-03,1.745951191367997764e-03,2.079816558662607451e-03,2.378371449812396315e-03,2.622808725391915716e-03
2.200000000000000000e+01,0.000000000000000000e+00,4.279637795610424095e-05,1.613345432309827229e-04,3.408380429344836510e-04,5.665304241764170662e-04,8.236352340666840827e-04,1.097376019715079996e-03,1.372976328231479901e-03,1.635659706725748480e-03,1.870649702307680164e-03,2.063169862087103207e-03
2.300000000000000000e+01,0.000000000000000000e+00,3.364382528402501404e-05,1.268355609209811594e-04,2.679655965881913918e-04,4.454243219629751976e-04,6.476021267226199710e-04,8.628894005445093829e-04,1.079676533105886592e-03,1.286353914084125728e-03,1.471311933156592248e-03,1.622940980000529311e-03
2.400000000000000000e+01,0.000000000000000000e+00,2.644866839136752329e-05,9.971368668409887753e-05,2.106735745561116521e-04,3.502068516853459879e-04,5.091920377497454950e-04,6.785076524272208240e-04,8.490322153957225240e-04,1.011644246333194205e-03,1.157222264917505752e-03,1.276644790826677103e-03
2.500000000000000000e+01,0.000000000000000000e+00,2.079226858750071044e-05,7.839134531077186774e-05,1.656306366109592046e-04,2.753435489292440155e-04,4.003634887067408082e-04,5.335238623846187342e-04,6.676580764040165872e-04,7.955995372061538257e-04,9.101816512320764357e-04,1.004237824923026427e-03
2.600000000000000000e+01,0.000000000000000000e+00,1.634555973621925479e-05,6.162845765614582277e-05,1.302180218266937514e-04,2.164835803147640778e-04,3.147944611872673798e-04,4.195199925111385217e-04,5.250295023532334376e-04,6.256923187804956654e-04,7.158777698598357830e-04,7.899551836581426845e-04
2.700000000000000000e+01,0.000000000000000000e+00,1.284984254452080366e-05,4.845008581738641240e-05,1.023768032775507555e-04,1.702060683839686298e-04,2.475139545955948317e-04,3.298765353713650761e-04,4.128698841702697214e-04,4.920700744512262678e-04,5.630531796732094613e-04,6.213952732951723637e-04
2.800000000000000000e+01,0.000000000000000000e+00,1.010172259292493879e-05,3.808968729102687328e-05,8.048808947330038377e-05,1.338211245187365811e-04,1.946129878063231067e-04,2.593878747150554082e-04,3.246699806239271985e-04,3.869835009119261190e-04,4.428526309580632300e-04,4.888015661413096929e-04
2.900000000000000000e+01,0.000000000000000000e+00,7.941324194945219295e-06,2.994470932181185485e-05,6.327927419364290373e-05,1.052141376234804956e-04,1.530184184243763013e-04,2.039612354093559704e-04,2.553117073914798474e-04,3.043389531838004702e-04,3.483120915993261416e-04,3.845002414511128688e-04
3.000000000000000000e+01,0.000000000000000000e+00,6.242955941132728725e-06,2.354141884242013510e-05,4.974978132069995257e-05,8.272243599280557774e-05,1.203137754755747441e-04,1.603781923858391134e-04,2.007700793404312151e-04,2.393438289561931193e-04,2.739538338499616921e-04,3.024544866385642586e-04
3.100000000000000000e+01,0.000000000000000000e+00,4.907809569512297521e-06,1.850739260304736650e-05,3.911298058810290523e-05,6.503880501217054050e-05,9.459909736274710323e-05,1.261080891273285570e-04,1.578800117934073960e-04,1.882290968484908594e-04,2.154695757800645026e-04,2.379156800756294932e-04
3.200000000000000000e+01,0.000000000000000000e+00,3.858200205971405727e-06,1.454981419329003101e-05,3.075036201606595743e-05,5.113536372841013394e-05,7.438033938442570325e-05,9.916080903822361431e-05,1.241522927439113466e-04,1.480303105556041859e-04,1.694703825274104791e-04,1.871480287134264300e-04
3.300000000000000000e+01,0.000000000000000000e+00,3.033064690910990124e-06,1.143851103016860216e-05,2.417571741756240067e-05,4.020406225288021551e-05,5.848292393591247862e-05,7.797168086644441776e-05,9.762971144426473014e-05,1.164163940691673171e-04,1.332911071409374065e-04,1.472132290593636955e-04
3.400000000000000000e+01,0.000000000000000000e+00,2.384397601448533244e-06,8.992524195690528022e-06,1.900678046757101058e-05,3.160956710193500718e-05,4.598328478362494198e-05,6.131033419748497387e-05,7.677311602836012910e-05,9.155403096109803601e-05,1.048354796805385167e-04,1.157998628715265974e-04
3.500000000000000000e+01,0.000000000000000000e+00,1.874456228561673099e-06,7.069575567369111579e-06,1.494298399610724526e-05,2.485230749446100396e-05,3.615517204211705221e-05,4.820920361875511567e-05,6.037202820406706305e-05,7.200127177773261999e-05,8.245456031943845104e-05,9.108951980886775129e-05
3.600000000000000000e+01,0.000000000000000000e+00,1.473573448771206551e-06,5.557825491418061370e-06,1.174805367243781512e-05,1.953955553632858583e-05,2.842762862758762415e-05,3.790757049071391549e-05,4.747467867020471050e-05,5.662425071055899456e-05,6.485158415627401834e-05,7.165197655184529779e-05
3.700000000000000000e+01,0.000000000000000000e+00,1.158425554169395522e-06,4.369344733827149052e-06,9.236221314695008955e-06,1.536251907249559095e-05,2.235170178295064342e-05,2.980723322178451679e-05,3.733257716471548998e-05,4.453119738747051554e-05,5.100655766577134181e-05,5.636212177533451301e-05
3.800000000000000000e+01,0.000000000000000000e+00,9.106769161570417437e-07,3.435006439942746292e-06,7.261436734328982623e-06,1.207841596228718603e-05,1.757439228678965917e-05,2.343781387080653630e-05,2.935712887731098744e-05,3.502078546927401420e-05,4.011723180966878660e-05,4.433491606146327049e-05
3.900000000000000000e+01,0.000000000000000000e+00,7.159136081618701353e-07,2.700466988695120890e-06,5.708878975672296990e-06,9.496368403164642119e-06,1.381815410524339996e-05,1.842945491598154892e-05,2.308548966945033268e-05,2.754147719972012756e-05,3.155263634086608038e-05,3.487418592695683273e-05
4.000000000000000000e+01,0.000000000000000000e+00,5.628034678434312710e-07,2.123000174492507136e-06,4.488269574626051195e-06,7.466291122923320728e-06,1.086474427406140461e-05,1.449130848271956012e-05,1.815366320357661087e-05,2.165948789131094676e-05,2.481646200060269244e-05,2.743226498612763575e-05
4.100000000000000000e+01,0.000000000000000000e+00,4.424378816109825197e-07,1.669016236989766949e-06,3.528632131955325435e-06,5.870182632326196442e-06,8.542564803920918437e-06,1.139467571255759620e-05,1.427541242405650293e-05,1.703367200423574340e-05,1.951835151891428977e-05,2.157834803390851208e-05
4.200000000000000000e+01,0.000000000000000000e+00,3.478148877444561804e-07,1.312113487074613449e-06,2.774176702135221217e-06,4.615285437071462576e-06,6.716720596026785894e-06,8.959763083146374263e-06,1.122569380257497709e-05,1.339579365845691011e-05,1.535134355493779010e-05,1.697362439616149909e-05
4.300000000000000000e+01,0.000000000000000000e+00,2.734285685776147168e-07,1.031530510652196864e-06,2.181030180737220797e-06,3.628651933346160874e-06,5.281120122991624088e-06,7.045159104187084798e-06,8.827493231445583677e-06,1.053484685928102876e-05,1.207394434220602705e-05,1.335151003473405290e-05
4.400000000000000000e+01,0.000000000000000000e+00,2.149507689883957406e-07,8.109463657604565334e-07,1.714701725023890649e-06,2.852931781488574764e-06,4.152351469862650829e-06,5.539675724855561839e-06,6.941619481175883427e-06,8.284897673532191226e-06,9.496225236633928229e-06,1.050231710518923639e-05
4.500000000000000000e+01,0.000000000000000000e+00,1.689796637551095604e-07,6.375327395377605733e-07,1.348080354122635494e-06,2.243043634286585181e-06,3.264843706804292089e-06,4.355901698451306037e-06,5.458638736004044201e-06,6.515475946237189037e-06,7.468834455926724042e-06,8.261135391847765352e-06
4.600000000000000000e+01,0.000000000000000000e+00,1.328401242582655239e-07,5.012013455435102016e-07,1.059844936624008277e-06,1.763532170266732951e-06,2.567024319238223745e-06,3.425082656305887541e-06,4.292468454237131220e-06,5.123942985799361666e-06,5.874267523759118398e-06,6.498203340883374618e-06
4.700000000000000000e+01,0.000000000000000000e+00,1.044297959101360418e-07,3.940236332137907194e-07,8.332381862710507014e-07,1.386530129442870019e-06,2.018356137088901658e-06,2.693172883569232290e-06,3.375437043244815943e-06,4.029605290475305607e-06,4.620134299621221630e-06,5.111480745042650681e-06
4.800000000000000000e+01,0.000000000000000000e+00,8.209551741709952832e-08,3.097648645323733407e-07,6.550822336396158740e-07,1.090121817034356289e-06,1.586957807010822702e-06,2.117664395864544274e-06,2.654315775889315443e-06,3.168986139381099049e-06,3.633749678633255847e-06,4.020680585941748680e-06
4.900000000000000000e+01,0.000000000000000000e+00,6.453775486985405263e-08,2.435238026232688924e-07,5.150173179751561803e-07,8.570774756395602156e-07,1.247763450331826340e-06,1.665134416766866216e-06,2.087249549659591502e-06,2.492168023724913861e-06,2.857949013677311273e-06,3.162651694231695398e-06
5.000000000000000000e+01,0.000000000000000000e+00,5.073510773350234371e-08,1.914480666758561211e-07,4.049003304393977709e-07,6.738533526364637316e-07,9.810685868798241227e-07,1.309307486781815383e-06,1.641331505955207631e-06,1.959902098012337307e-06,2.247780716565107167e-06,2.487728815226721013e-06
5.100000000000000000e+01,0.000000000000000000e+00,3.988441075195373053e-08,1.505082809949605249e-07,3.183275677086545852e-07,5.297982278735374750e-07,7.713762184692433965e-07,1.029517496476273913e-06,1.290678018874263228e-06,1.541313742644146584e-06,1.767880624765124503e-06,1.956834622217698549e-06
5.200000000000000000e+01,0.000000000000000000e+00,3.135430420289284092e-08,1.183230028691494018e-07,2.502647750857872611e-07,4.165382999389566354e-07,6.065022565156751033e-07,8.095153239029602432e-07,1.014936181187395953e-06,1.212123507455132448e-06,1.390435981793620990e-06,1.539232283289011793e-06
5.300000000000000000e+01,0.000000000000000000e+00,2.464855592158518571e-08,9.302041620480594464e-08,1.967548696277937603e-07,3.274912049673790737e-07,4.768687110016933683e-07,6.365266765088681278e-07,7.981043902657337930e-07,9.532411410508555283e-07,1.093576217641497456e-06,1.210748908814923697e-06
5.400000000000000000e+01,0.000000000000000000e+00,1.937696047322676196e-08,7.312859281755762497e-08,1.546860234221368591e-07,2.574803786743740108e-07,3.749427849625459885e-07,5.005043686749297005e-07,6.275962561993683742e-07,7.496495739245725987e-07,8.600954482379519206e-07,9.523650055277832482e-07
5.500000000000000000e+01,0.000000000000000000e+00,1.523278178811385275e-08,5.749042671348431055e-08,1.216118841180884036e-07,2.024361033434694812e-07,2.948020337316045736e-07,3.935486246242538705e-07,4.935148253631775617e-07,5.895395852899189965e-07,6.764618537466720455e-07,7.491205800749800581e-07
5.600000000000000000e+01,0.000000000000000000e+00,1.197493360634988013e-08,4.519643255116410907e-08,9.560954402276430897e-08,1.591593152092552615e-07,2.317907932993922698e-07,3.094490254812801155e-07,3.880790589432404208e-07,4.636259408735948079e-07,5.320347184608817392e-07,5.892504388932059967e-07
5.700000000000000000e+01,0.000000000000000000e+00,9.413841201792033653e-09,3.553142488479238414e-08,7.516684116435322360e-08,1.251341801564772455e-07,1.822475319771671431e-07,2.433209867422087697e-07,3.051686345671711376e-07,3.646045655682737807e-07,4.184428698608688713e-07,4.634976375611759430e-07
5.800000000000000000e+01,0.000000000000000000e+00,7.400482177153527852e-09,2.793318575750047827e-08,5.909499631415356113e-08,9.838279942087600760e-08,1.432934806507805275e-07,1.913239255771966713e-07,2.399710197734539890e-07,2.867316488130988716e-07,3.291026982694608694e-07,3.645810537156526920e-07
5.900000000000000000e+01,0.000000000000000000e+00,5.817729069974506007e-09,2.195981232619437229e-08,4.645959383897148298e-08,7.735041767818404135e-08,1.126656279134934102e-07,1.504385686152114737e-07,1.887025838532164351e-07,2.254910176973864977e-07,2.588372142178167051e-07,2.867745174841684203e-07
6.000000000000000000e+01,0.000000000000000000e+00,4.573475565275431087e-09,1.726379050652482317e-08,3.652577719188282446e-08,6.081426798970092362e-08,8.858409526833060932e-08,1.182900913959065298e-07,1.483870887405633332e-07,1.773299196704356678e-07,2.035734165540918628e-07,2.255724117594497258e-07
6.100000000000000000e+01,0.000000000000000000e+00,3.595336639300103498e-09,1.357200465576004211e-08,2.871599119624347607e-08,4.781328340804774646e-08,6.964986843847019438e-08,9.301173343480816091e-08,1.166848655439253063e-07,1.394552519135526525e-07,1.601088796907707001e-07,1.774317360224431095e-07
6.200000000000000000e+01,0.000000000000000000e+00,2.826393458903522782e-09,1.066968718390313986e-08,2.257605119840820629e-08,3.759165552517755582e-08,5.476267018718686264e-08,7.313526520741180093e-08,9.175561060882804487e-08,1.096698764146281091e-07,1.259242326473539869e-07,1.395648493301981929e-07
6.300000000000000000e+01,0.000000000000000000e+00,2.221902890191598812e-09,8.388006390814758961e-09,1.774890274574940363e-08,2.955518419952597731e-08,4.305744299624124360e-08,5.750627138064248745e-08,7.215226159682647245e-08,8.624600588910680266e-08,9.903809650201392256e-08,1.097791256794277553e-07
6.400000000000000000e+01,0.000000000000000000e+00,1.746698131618873440e-09,6.594260942198795772e-09,1.395389105564998067e-08,2.323679109566580137e-08,3.385416368615647154e-08,4.521721145103220485e-08,5.673713701398637455e-08,6.782514299871235386e-08,7.789243202933719690e-08,8.635020672933743646e-08
6.500000000000000000e+01,0.000000000000000000e+00,1.373126343531816396e-09,5.184099750171755616e-09,1.097031178290235054e-08,1.826915400535665535e-08,2.661801798116772422e-08,3.555429527331809003e-08,4.461537744565764740e-08,5.333865606138576965e-08,6.126152268391867051e-08,6.792136887688940416e-08
6.600000000000000000e+01,0.000000000000000000e+00,1.079450020905273200e-09,4.075491105400355640e-09,8.624659787129923538e-09,1.436349259887129137e-08,2.092852607405229493e-08,2.795629674566708911e-08,3.508334114714350971e-08,4.194619581147571163e-08,4.818139727187469024e-08,5.342548206155144086e-08
6.700000000000000000e+01,0.000000000000000000e+00,8.485841322160292410e-10,3.203958341040438751e-09,6.780555344846131427e-09,1.129280786222285060e-08,1.645514861132665874e-08,2.198201031074729916e-08,2.758782567864083435e-08,3.298702743359700762e-08,3.789404829398872188e-08,4.202332097818888001e-08
6.800000000000000000e+01,0.000000000000000000e+00,6.670941563903520777e-10,2.518799607255373108e-09,5.330750825569691154e-09,8.878582284307934280e-09,1.293792845622789012e-08,1.728442381430418673e-08,2.169370283107777131e-08,2.594139997995695279e-08,2.980314973326583794e-08,3.305458656419589525e-08
6.900000000000000000e+01,0.000000000000000000e+00,5.244194163124549224e-10,1.980157582825645135e-09,4.190934376011729023e-09,6.980469672559705407e-09,1.017248334894173267e-08,1.359069528162996920e-08,1.705882534709657339e-08,2.040059342181370361e-08,2.343971938247035869e-08,2.599992310532185658e-08
7.000000000000000000e+01,0.000000000000000000e+00,4.122595429097153374e-10,1.556704571454778363e-09,3.294834685359064597e-09,5.488149484129609124e-09,7.998148567490287464e-09,1.068633153505655492e-08,1.341419798655228701e-08,1.604324752159293904e-08,1.843497973979396631e-08,2.045089424098766456e-08
7.100000000000000000e+01,0.000000000000000000e+00,3.240873421407955424e-10,1.223804451874754839e-09,2.590333954386077331e-09,4.314858474750542239e-09,6.288560638260769220e-09,8.402623069775697062e-09,1.054822839447952521e-08,1.261655923766487331e-08,1.449879822419068015e-08,1.608612797934956540e-08
7.200000000000000000e+01,0.000000000000000000e+00,2.547732042695871613e-10,9.620954666625380902e-10,2.036470761338296520e-09,3.392403062564726401e-09,4.944396344392851250e-09,6.606954581090535017e-09,8.294581746925641652e-09,9.921781816057614889e-09,1.140305876264589846e-08,1.265291656095835632e-08
7.300000000000000000e+01,0.000000000000000000e+00,2.002835554739193502e-10,7.563523388327830776e-10,1.601033525590669915e-09,2.667154291153238377e-09,3.887541811034567196e-09,5.195023260857155323e-09,6.522425815809820837e-09,7.802576651623482906e-09,8.968302943703800045e-09,9.952431867564850987e-09
7.400000000000000000e+01,0.000000000000000000e+00,1.574476681844017012e-10,5.946063199105400265e-10,1.258699426046235026e-09,2.096950457242466315e-09,3.056582884367053943e-09,4.084820178070977525e-09,5.128885809222057113e-09,6.136003248471272320e-09,7.053395966794863414e-09,7.828287434735389794e-09
7.500000000000000000e+01,0.000000000000000000e+00,1.237735844806381325e-10,4.674505396477790509e-10,9.895651678724221023e-10,1.648651771633986851e-09,2.403244653411892862e-09,3.211878115685559698e-09,4.033086460934406925e-09,4.825403991529433889e-09,5.547365009950060155e-09,6.157503818784125504e-09
7.600000000000000000e+01,0.000000000000000000e+00,9.730119412010990176e-11,3.674855443818597633e-10,7.779742027458000364e-10,1.296188321064060955e-09,1.889549051297192972e-09,2.525477545188906103e-09,3.171394954808171018e-09,3.794722432007117952e-09,4.362881128637877137e-09,4.843292196660999027e-09
7.700000000000000000e+01,0.000000000000000000e+00,7.649079362525429415e-11,2.888987301339143721e-10,6.116271433547967873e-10,1.019079366791457442e-09,1.485658734164292671e-09,1.985768579085278596e-09,2.493812235274811551e-09,2.984193036344867656e-09,3.431314315907423029e-09,3.809579407574453791e-09
7.800000000000000000e+01,0.000000000000000000e+00,6.013122161654949061e-11,2.271176327518428795e-10,4.808483526717172163e-10,8.012125006420095508e-10,1.168099195820136715e-09,1.561397557688776194e-09,1.960996705405344820e-09,2.346785758344099859e-09,2.698653835662458145e-09,2.996490056626256726e-09
7.900000000000000000e+01,0.000000000000000000e+00,4.727056051277711557e-11,1.785483825676378866e-10,3.780326773188472100e-10,6.299226557038295482e-10,9.184175287684295808e-10,1.227716507558491987e-09,1.542018803119861448e-09,1.845523626498382641e-09,2.122430188631480030e-09,2.356937700673418512e-09
8.000000000000000000e+01,0.000000000000000000e+00,3.716048215668399379e-11,1.403656481411413859e-10,2.972010773334005096e-10,4.952523491134896982e-10,7.221050429698575024e-10,9.653447381741120381e-10,1.212557014214701856e-09,1.451327450363235072e-09,1.669241626108160237e-09,1.853885120829505684e-09
8.100000000000000000e+01,0.000000000000000000e+00,2.921264369726978005e-11,1.103480509008145094e-10,2.336524362661282495e-10,3.893720139066039754e-10,5.677529984777357486e-10,7.590416042013367615e-10,9.534840456244808582e-10,1.141326537077401448e-09,1.312815292998752159e-09,1.458196527718766400e-09
8.200000000000000000e+01,0.000000000000000000e+00,2.296472127044646427e-11,8.674995877894220442e-11,1.836923233964823932e-10,3.061284257772217687e-10,4.463948764668948521e-10,5.968282864449170333e-10,7.497652662570228332e-10,8.975424266657872074e-10,1.032496378433785111e-09,1.146963732106751066e-09
8.300000000000000000e+01,0.000000000000000000e+00,1.805308224960000540e-11,6.819832936225123099e-11,1.444147422089911426e-10,2.406813216608572059e-10,3.509770683720464524e-10,4.692809831051761305e-10,5.895720668397039232e-10,7.058293202298268620e-10,8.120317441465824126e-10,9.021583392441676064e-10
8.400000000000000000e+01,0.000000000000000000e+00,1.419192823155779326e-11,5.361397935853273733e-11,1.135355531377973959e-10,1.892260493262243326e-10,2.759548675722658939e-10,3.689914076327946435e-10,4.636050692104730364e-10,5.550652521163837450e-10,6.386413559447690069e-10,7.096027805067114946e-10
8.500000000000000000e+01,0.000000000000000000e+00,1.115658596322760543e-11,4.214850728634020327e-11,8.925900882132686842e-11,1.487713356912272189e-10,2.169687328022404382e-10,2.901344451147758186e-10,3.645517177518729779e-10,4.365037955655209911e-10,5.022739236245493677e-10,5.581453468351572911e-10
8.600000000000000000e+01,0.000000000000000000e+00,8.770434140221994301e-12,3.313494102577876910e-11,7.017332721848124066e-11,1.169653992801403253e-10,1.705909637725669392e-10,2.281298273117821074e-10,2.866617964595967460e-10,3.432666777778217715e-10,3.950242778282681000e-10,4.390144032811668651e-10
8.700000000000000000e+01,0.000000000000000000e+00,6.894611563525859799e-12,2.604888413261161051e-11,5.516847460633467204e-11,9.195903988377246430e-11,1.341262368097922986e-10,1.793757222292614861e-10,2.254131530954675555e-10,2.699441863074879266e-10,3.106744786559798022e-10,3.453096870400206020e-10
8.800000000000000000e+01,0.000000000000000000e+00,5.420000277582548431e-12,2.047824930462294191e-11,4.337211931835019407e-11,7.229898255599331858e-11,1.054562113632015463e-10,1.410411778687836737e-10,1.772512544725990402e-10,2.122838133034564423e-10,2.443362267070051108e-10,2.716058669204740594e-10
8.900000000000000000e+01,0.000000000000000000e+00,4.260775759989954281e-12,1.609890644188247122e-11,3.409809695882615177e-11,5.684205227817970552e-11,8.291447736730184204e-11,1.108990771393411623e-10,1.393795566700765931e-10,1.669396208726567354e-10,1.921629746602301902e-10,2.136333230543657757e-10
9.000000000000000000e+01,0.000000000000000000e+00,3.349484101536348568e-12,1.265609649416313265e-11,2.680707744543223137e-11,4.468966716868541522e-11,6.519110587726445472e-11,8.719863389293133760e-11,1.095994913206076171e-10,1.312809184820552810e-10,1.511301555906160998e-10,1.680344428596318440e-10
9.100000000000000000e+01,0.000000000000000000e+00,2.633098003957529132e-12,9.949540540413193135e-12,2.107505061308204142e-11,3.513535106304879752e-11,5.125616483981840221e-11,6.856321483868568767e-11,8.618222400915559467e-11,1.032389151381027381e-10,1.188590112834522761e-10,1.321682352320788234e-10
9.200000000000000000e+01,0.000000000000000000e+00,2.069927129005888489e-12,7.821772743388244464e-12,1.656863318419410369e-11,2.762360473826039331e-11,4.029978374663414908e-11,5.391026644194218953e-11,6.776814921944165904e-11,8.118652831175937612e-11,9.347850016836259379e-11,1.039571609676680219e-10
9.300000000000000000e+01,0.000000000000000000e+00,1.627211061207278764e-12,6.149051699679691785e-12,1.302583290795772397e-11,2.171786567858186023e-11,3.168546116672291135e-11,4.238893036492136224e-11,5.328858431992780642e-11,6.384473407849283744e-11,7.351769063315694019e-11,8.176776513909092547e-11
9.400000000000000000e+01,0.000000000000000000e+00,1.279182760150626708e-12,4.834047821321990623e-12,1.024057049011858900e-11,1.707472596472470183e-11,2.491248955174482638e-11,3.332983639515313401e-11,4.190274180155412198e-11,5.020718102334217892e-11,5.781912925870158482e-11,6.431456181423683693e-11
9.500000000000000000e+01,0.000000000000000000e+00,1.005590521876292831e-12,3.800262459319886377e-12,8.050866613998342025e-12,1.342425367915900392e-11,1.958727434804921619e-11,2.620677925970621436e-11,3.294961921579755981e-11,3.948264490957059669e-11,4.547270698006256051e-11,5.058665622894101266e-11
9.600000000000000000e+01,0.000000000000000000e+00,7.905140301037172357e-13,2.987556274418323721e-12,6.329376692898458501e-12,1.055422540812908649e-11,1.540035254269517262e-11,2.060600805655135592e-11,2.590944207228260132e-11,3.104890460405365649e-11,3.576264582865959496e-11,3.978891570605505579e-11
9.700000000000000000e+01,0.000000000000000000e+00,6.214381223154652467e-13,2.348650787742379009e-12,4.975985281371192448e-12,8.297789050922682597e-12,1.210840948990751786e-11,1.620219388341614941e-11,2.037348962495924565e-11,2.441664416225758361e-11,2.812600483461172307e-11,3.129591898132222383e-11
9.800000000000000000e+01,0.000000000000000000e+00,4.885231216951446687e-13,1.846374154913441035e-12,3.911975561196601170e-12,6.523749747876228522e-12,9.520119176494035163e-12,1.273950636280184179e-11,1.602033368702619753e-11,1.920102361070881447e-11,2.211999864960151330e-11,2.461568118393084315e-11
9.900000000000000000e+01,0.000000000000000000e+00,3.840370946597837509e-13,1.451515801000405337e-12,3.075487293221351726e-12,5.129002772627164197e-12,7.485113386312275408e-12,1.001687033558122664e-11,1.259732474042339623e-11,1.509952782924837977e-11,1.739653072204555562e-11,1.936138464722451935e-11
1.000000000000000000e+02,0.000000000000000000e+00,3.018985885935854263e-13,1.141099909875153973e-12,2.417862378411086977e-12,4.032444381662711463e-12,5.885104307091354459e-12,7.876100515053288675e-12,9.905691447219949763e-12,1.187413546394761044e-11,1.368169095269759772e-11,1.522861630093123864e-11
1.010000000000000000e+02,0.000000000000000000e+00,2.373279253242016607e-13,8.970681185729856288e-13,1.900855259870729008e-12,3.170323975131700278e-12,4.627108944480276542e-12,6.192844793830726280e-12,7.789166203307426595e-12,9.337707798824645966e-12,1.076010426050676150e-11,1.197799024137309598e-11
1.020000000000000000e+02,0.000000000000000000e+00,1.865676938026666898e-13,7.052239109524294225e-13,1.494398246641714945e-12,2.492520377378112939e-12,3.638019871248995840e-12,4.869326431867007643e-12,6.124869654424575094e-12,7.343079161219179252e-12,8.462384601653355487e-12,9.421215625129639171e-12
1.030000000000000000e+02,0.000000000000000000e+00,1.466638496847721962e-13,5.544055340679643340e-13,1.174850364563106986e-12,1.959623625478676412e-12,2.860350546913040248e-12,3.828656467384783380e-12,4.816166616992273442e-12,5.774506307149041007e-12,6.655300767953453711e-12,7.410175337924096439e-12
1.040000000000000000e+02,0.000000000000000000e+00,1.152949805939551542e-13,4.358417923441826325e-13,9.236331859931168342e-13,1.540661939388246471e-12,2.248920857482114566e-12,3.010402663912101207e-12,3.787100163630749416e-12,4.541006134485547907e-12,5.234113354323985390e-12,5.828414573888496264e-12
1.050000000000000000e+02,0.000000000000000000e+00,9.063537138691291073e-14,3.426336634120702440e-13,7.261332648448443061e-13,1.211272510244498779e-12,1.768189707065243033e-12,2.367023271181503685e-12,2.977911510047490107e-12,3.570992758222465979e-12,4.116405377370749297e-12,4.584287729156658053e-12
1.060000000000000000e+02,0.000000000000000000e+00,7.124997206814365214e-14,2.693587269463754152e-13,5.708644006726520947e-13,9.523052377051477446e-13,1.390219374081819170e-12,1.861145027155786114e-12,2.341620387175114004e-12,2.808183617282813960e-12,3.237372934832005722e-12,3.605726530070754721e-12
1.070000000000000000e+02,0.000000000000000000e+00,5.601080580244777174e-14,2.117541439503739520e-13,4.487964633172886186e-13,7.487042398817561617e-13,1.093043868307178035e-12,1.463381797467064316e-12,1.841284503339979395e-12,2.208318380589324725e-12,2.546049878088610385e-12,2.836045444711346453e-12
1.080000000000000000e+02,0.000000000000000000e+00,4.403099521273212691e-14,1.664687268240760964e-13,3.528301782684817312e-13,5.886324956107247264e-13,8.593926351802005925e-13,1.150627743041685025e-12,1.447854802629627846e-12,1.736590905798696127e-12,2.002353090193448315e-12,2.230658447668551481e-12
1.090000000000000000e+02,0.000000000000000000e+00,3.461339830208853829e-14,1.308676474479075758e-13,2.773836932715156856e-13,4.627826171322430016e-13,6.756853919692024091e-13,9.047130178265611056e-13,1.138486548958594913e-12,1.365626958304416716e-12,1.574755300118302337e-12,1.754492520234310349e-12
1.100000000000000000e+02,0.000000000000000000e+00,2.721014060770576837e-14,1.028804049330728221e-13,2.180704889668400037e-13,3.638401158048004680e-13,5.312490085427473696e-13,7.113568631714195512e-13,8.952234298916644795e-13,1.073908377589166685e-12,1.238471456464773635e-12,1.379972362509224171e-12
1.110000000000000000e+02,0.000000000000000000e+00,2.139033308118376553e-14,8.087847340638998350e-14,1.714402274657911285e-13,2.860513204343967386e-13,4.176875588023792885e-13,5.593246677447483162e-13,7.039384266466219842e-13,8.445046148931184549e-13,9.739989847643015786e-13,1.085397315645289518e-12
1.120000000000000000e+02,0.000000000000000000e+00,1.681527096383805819e-14,6.358184378302267348e-14,1.347809125591681312e-13,2.248936171837800924e-13,3.284011788635271545e-13,4.397847374899149786e-13,5.535254871645578501e-13,6.641045948840157420e-13,7.660032276448486277e-13,8.537025524436164803e-13
1.130000000000000000e+02,0.000000000000000000e+00,1.321872841221483075e-14,4.998424092163278321e-14,1.059604606747782674e-13,1.768113379232300053e-13,2.582008500236210313e-13,3.457929201224757554e-13,4.352514984713728996e-13,5.222405624269454982e-13,6.024240080306636491e-13,6.714658397442146986e-13
1.140000000000000000e+02,0.000000000000000000e+00,1.039145440702438083e-14,3.929460381212057651e-14,8.330272235901325928e-14,1.390090028762641650e-13,2.030067195075979658e-13,2.718890921866307098e-13,3.422493679520327570e-13,4.106807667374201554e-13,4.737765355814632651e-13,5.281298944177781340e-13
1.150000000000000000e+02,0.000000000000000000e+00,8.168839953429096745e-15,3.089097987823974378e-14,6.548974145099972777e-14,1.092885547684940839e-13,1.596107144022362867e-13,2.137796233439570592e-13,2.691186574803328124e-13,3.229511655929856451e-13,3.726005235685919681e-13,4.153901072938281924e-13
1.160000000000000000e+02,0.000000000000000000e+00,6.421648152468706350e-15,2.428461078063381962e-14,5.148591514063383112e-14,8.592253427849860792e-14,1.254915225554209535e-13,1.680898530174307348e-13,2.116145800257207554e-13,2.539627037313751945e-13,2.930312242854782312e-13,3.267171689441683569e-13
1.170000000000000000e+02,0.000000000000000000e+00,5.048153735309757195e-15,1.909109263904806841e-14,4.047651970540133703e-14,6.755216503361027858e-14,9.866575872291560856e-14,1.321650037675037304e-13,1.663976031615610474e-13,1.997113141093825872e-13,2.304538396051547533e-13,2.569728555380096369e-13
1.180000000000000000e+02,0.000000000000000000e+00,3.968423896785755467e-15,1.500823120295646795e-14,3.182127955234093086e-14,5.310939947371362546e-14,7.757439439079472088e-14,1.039180948323586984e-13,1.308423313271800392e-13,1.570489615090875368e-13,1.812397888018013603e-13,2.021166437340959909e-13
1.190000000000000000e+02,0.000000000000000000e+00,3.119629121001166183e-15,1.179855909153038063e-14,2.501682671782190504e-14,4.175449591116431325e-14,6.099160347779186697e-14,8.170818622393882791e-14,1.028843351659480820e-13,1.235000600049995789e-13,1.425353975473275803e-13,1.589704388092749721e-13
1.200000000000000000e+02,0.000000000000000000e+00,2.452383998999274617e-15,9.275268270450554020e-15,1.966734609372411402e-14,3.282720232797298188e-14,4.795353025256743340e-14,6.424494183171480799e-14,8.090007613467675718e-14,9.711759933576924464e-14,1.120961233991996098e-13,1.250343144992838162e-13
1.210000000000000000e+02,0.000000000000000000e+00,1.927846987950787572e-15,7.291639080725387245e-15,1.546178007676146660e-14,2.580867377449669320e-14,3.770264265720579822e-14,5.051411762838076136e-14,6.361350248645925021e-14,7.637114681977030806e-14,8.815745442675160248e-14,9.834280200078648893e-14
1.220000000000000000e+02,0.000000000000000000e+00,1.515497796700238098e-15,5.732231096039486218e-15,1.215553265682123296e-14,2.029068102774034266e-14,2.964303607265461604e-14,3.971793055036754172e-14,5.002064300957398402e-14,6.005653331413174367e-14,6.933093422284430929e-14,7.734912428440654519e-14
1.230000000000000000e+02,0.000000000000000000e+00,1.191348452181384410e-15,4.506323699610126354e-15,9.556266368504484632e-15,1.595246287497409376e-14,2.330630805534583683e-14,3.122914253583797262e-14,3.933227983761444779e-14,4.722708769194783329e-14,5.452485251494776364e-14,6.083699624799543404e-14
1.240000000000000000e+02,0.000000000000000000e+00,9.365338365929787301e-16,3.542603493542073601e-15,7.512789218858118012e-15,1.254177968076919392e-14,1.832418223234044685e-14,2.455463133169133449e-14,3.092776143694131452e-14,3.713823411126415674e-14,4.288068381277931884e-14,4.784971789455194635e-14
1.250000000000000000e+02,0.000000000000000000e+00,7.362274852262817859e-16,2.784963015409203102e-15,5.906299754832033955e-15,9.860276657669420075e-15,1.440704109831325574e-14,1.930663203093818669e-14,2.431911551477317079e-14,2.920461181915579019e-14,3.372318700331500274e-14,3.763490712647976633e-14
1.260000000000000000e+02,0.000000000000000000e+00,5.787471196727622669e-16,2.189356551954291241e-15,4.643312644103669840e-15,7.752099743379980978e-15,1.132722930209661971e-14,1.518021277256698109e-14,1.912256160710446018e-14,2.296573304791382775e-14,2.652123854730847885e-14,2.960061666265612068e-14
1.270000000000000000e+02,0.000000000000000000e+00,4.549583366292297981e-16,1.721143843766426151e-15,3.650400294541444879e-15,6.094652777247078212e-15,8.905826380176118384e-15,1.193576487645842121e-14,1.503642045944109107e-14,1.805966400730829591e-14,2.085739350329851582e-14,2.328150693065023091e-14
1.280000000000000000e+02,0.000000000000000000e+00,3.576511916486557752e-16,1.353057206207597396e-15,2.869801835406193824e-15,4.791604396245374708e-15,7.002021575400196873e-15,9.384745584817277830e-15,1.182341442633461082e-14,1.420163899673587693e-14,1.640308440291338155e-14,1.831136154165080576e-14
1.290000000000000000e+02,0.000000000000000000e+00,2.811607283798034373e-16,1.063683646371216263e-15,2.256143405779398314e-15,3.767114658409509431e-15,5.505199161121021589e-15,7.378944460664782490e-15,9.296952313900264109e-15,1.116779737263262628e-14,1.290002718361271672e-14,1.440224350370000739e-14
1.300000000000000000e+02,0.000000000000000000e+00,2.210146128611700789e-16,8.361909255294452947e-16,1.773700544077660979e-15,2.961687969524340325e-15,4.328351912996630801e-15,5.801863980567367740e-15,7.310368673255074334e-15,8.782037597132585915e-15,1.014506946332704995e-14,1.132763587791130178e-14
1.310000000000000000e+02,0.000000000000000000e+00,1.737433981408020855e-16,6.573517771779613383e-16,1.394419519087919390e-15,2.328459690684181460e-15,3.403066673943189180e-15,4.561807745787072044e-15,5.748250183137959546e-15,6.905934157863669043e-15,7.978454051940642167e-15,8.909350037236696274e-15
1.320000000000000000e+02,0.000000000000000000e+00,1.365823686788614211e-16,5.167849655152156885e-16,1.096236816600093533e-15,1.830621158133149962e-15,2.675594121259727842e-15,3.586811837125170044e-15,4.519930436874819435e-15,5.430633156708331022e-15,6.274549022716735536e-15,7.007361271099687983e-15
1.330000000000000000e+02,0.000000000000000000e+00,1.073631201303770766e-16,4.062505540303185114e-16,8.618052018544153370e-16,1.439224173865882861e-15,2.103623265164999978e-15,2.820199586014981996e-15,3.554096036570419948e-15,4.270482622040217002e-15,4.934529347633276330e-15,5.511406218558501102e-15
1.340000000000000000e+02,0.000000000000000000e+00,8.440513912799652019e-17,3.193788549599174686e-16,6.775179375861917208e-16,1.131500492260184565e-15,1.653923309072324876e-15,2.217437388221665806e-15,2.794639519798636229e-15,3.358180704002289296e-15,3.880684835977366021e-15,4.334802915922919553e-15
1.350000000000000000e+02,0.000000000000000000e+00,6.635317295611287136e-17,2.510741180933306893e-16,5.326414222878161908e-16,8.895878825243563881e-16,1.300364980624801881e-15,1.743505513573939680e-15,2.197460963193620387e-15,2.640764126468631012e-15,3.051920695329446431e-15,3.409382151597917243e-15
1.360000000000000000e+02,0.000000000000000000e+00,5.215012449655276328e-17,1.973790055009860822e-16,4.187459840682139500e-16,6.993917164160867728e-16,1.022375543599518544e-15,1.370865226890671806e-15,1.727893002290148416e-15,2.076626631070110918e-15,2.400125454285473303e-15,2.681530128154085979e-15
1.370000000000000000e+02,0.000000000000000000e+00,4.100994717426420522e-17,1.551493308826756845e-16,3.291908846209112838e-16,5.498531317760235737e-16,8.038274906807529874e-16,1.077859589776464233e-15,1.358667952450209881e-15,1.632998207143354641e-15,1.887541772188638944e-15,2.109044276027427500e-15
1.380000000000000000e+02,0.000000000000000000e+00,3.222790957713161930e-17,1.219727444046192488e-16,2.587990585722899084e-16,4.322714061699706178e-16,6.319814463418005346e-16,8.474937331776066785e-16,1.068345715712903932e-15,1.284129053091831452e-15,1.484408299404216258e-15,1.658775113794197509e-15
1.390000000000000000e+02,0.000000000000000000e+00,2.534322578184866614e-17,9.589768215634286719e-17,2.034505376669049070e-16,3.398702760198935025e-16,4.968898556501066821e-16,6.663506552095910251e-16,8.400398432417688355e-16,1.009798798398686692e-15,1.167387584169454762e-15,1.304647579206119623e-15
1.400000000000000000e+02,0.000000000000000000e+00,1.992221491942114397e-17,7.537915604205469577e-17,1.599469254959240416e-16,2.672016254090525678e-16,3.906651478008393852e-16,5.239135947993078801e-16,6.605501735867935764e-16,7.940696711283834475e-16,9.180752946064130171e-16,1.026116041094593534e-15
1.410000000000000000e+02,0.000000000000000000e+00,1.566672139241553907e-17,5.925164872633281732e-17,1.257403469540063767e-16,2.100641709190664841e-16,3.071544754651434062e-16,4.119426154358674097e-16,5.193870507291808991e-16,6.244191361887141412e-16,7.219973317124095402e-16,8.070529921438973631e-16
1.420000000000000000e+02,0.000000000000000000e+00,1.230569465771047533e-17,4.659358836256455305e-17,9.885213307636586677e-17,1.651510959238544629e-16,2.414789288668339751e-16,3.239053990300444497e-16,4.083918533209773827e-16,4.910351639186849582e-16,5.677966777306586721e-16,6.347461618816385709e-16
1.430000000000000000e+02,0.000000000000000000e+00,9.676504389433127074e-18,3.661892837569791226e-17,7.771019071289853031e-17,1.298332101551391560e-16,1.898709054565239640e-16,2.546790903168449915e-16,3.211406834902064134e-16,3.861386037307124042e-16,4.465286647381550011e-16,4.992479953752626542e-16
1.440000000000000000e+02,0.000000000000000000e+00,7.616520261710668649e-18,2.878556767949014272e-17,6.109479241955817486e-17,1.020776345395102425e-16,1.492675340969418230e-16,2.002250362037605314e-16,2.525106859718739827e-16,3.036308184045655167e-16,3.511730836680548862e-16,3.926438167656254308e-16
1.450000000000000000e+02,0.000000000000000000e+00,5.990217002982411998e-18,2.263272035063490506e-17,4.803015624110784643e-17,8.025806581823946573e-17,1.173648851715558550e-16,1.574261554448952438e-16,1.985445228364079995e-16,2.387684234356202140e-16,2.761733983863701170e-16,3.088349888324959380e-16
1.460000000000000000e+02,0.000000000000000000e+00,4.689174395999806677e-18,1.778091562876227272e-17,3.775734065680769191e-17,6.310056643865635806e-17,9.226560487851642733e-17,1.237887830435324688e-16,1.561251128379126385e-16,1.877567112201772304e-16,2.171928002031586757e-16,2.428883916910651308e-16
1.470000000000000000e+02,0.000000000000000000e+00,3.686287386450715076e-18,1.398620802506300720e-17,2.968003447179068388e-17,4.960224939121182786e-17,7.256023039359238425e-17,9.733425003488616056e-17,1.227587909796712395e-16,1.476412308382135663e-16,1.707889472207790860e-16,1.910364227919458813e-16
1.480000000000000000e+02,0.000000000000000000e+00,2.900240811398724361e-18,1.100465205072787001e-17,2.333745176275048294e-17,3.900417315516602201e-17,5.702903427273753323e-17,7.651756832316447543e-17,9.652109840552203224e-17,1.160909476188853873e-16,1.343326491709539994e-16,1.502433160521787769e-16
1.490000000000000000e+02,0.000000000000000000e+00,2.249719507907421701e-18,8.646512325571897861e-18,1.835012176931716255e-17,3.065581642702763787e-17,4.485886488658774596e-17,6.017322057294549609e-17,7.589415207398531038e-17,9.128982292327947334e-17,1.056283966544002695e-16,1.181780368009199833e-16
1.500000000000000000e+02,0.000000000000000000e+00,1.680513367352531873e-18,6.803368632346540323e-18,1.441988889405720897e-17,2.409639328349033605e-17,3.526367566009103172e-17,4.729831977468013093e-17,5.968532959532701909e-17,7.180128887285253114e-17,8.307699146670177726e-17,9.294323123631986761e-17
1.510000000000000000e+02,0.000000000000000000e+00,1.246832498358330099e-18,5.339695699491109337e-18,1.132991270247352134e-17,1.894643296418418998e-17,2.772847056131677590e-17,3.718813451625280209e-17,4.691884901431020438e-17,5.645982813218264340e-17,6.532318089225164215e-17,7.310233147983513646e-17
1.520000000000000000e+02,0.000000000000000000e+00,9.486769009248163798e-19,4.201283418381329682e-18,8.917562868693273970e-18,1.490777987167568597e-17,2.179246366695863912e-17,2.924635360279648211e-17,3.688997891881928837e-17,4.439807896328140657e-17,5.139118297581291017e-17,5.748982019604387261e-17
1.530000000000000000e+02,0.000000000000000000e+00,7.047314121155778821e-19,3.306816626080788524e-18,7.020209066843641210e-18,1.170938346284344789e-17,1.713039432527097006e-17,2.298508605669269400e-17,2.900240811398724361e-17,3.491130995403324278e-17,4.041363597939717778e-17,4.521123059264553490e-17
1.540000000000000000e+02,0.000000000000000000e+00,5.149960319306146062e-19,2.602085213965210642e-18,5.502326025363935003e-18,9.215718466126787689e-18,1.347121199313239259e-17,1.807907122619578644e-17,2.282245573081986834e-17,2.745742001819539979e-17,3.176712365382527992e-17,3.556183125752454544e-17
1.550000000000000000e+02,0.000000000000000000e+00,3.794707603699265519e-19,2.032879073410320814e-18,4.336808689942017736e-18,7.237049501340742097e-18,1.059807623604580584e-17,1.420304845956010809e-17,1.794354595463509838e-17,2.157562323246153824e-17,2.499086007579087720e-17,2.797241605012601440e-17
1.560000000000000000e+02,0.000000000000000000e+00,2.981555974335137194e-19,1.599198204416119040e-18,3.415236843329338967e-18,5.692061405548898279e-18,8.321251673826246531e-18,1.116728237660069567e-17,1.409462824231155764e-17,1.696776399939814439e-17,1.965116437629976787e-17,2.200930410145574001e-17
1.570000000000000000e+02,0.000000000000000000e+00,2.168404344971008868e-19,1.273937552670467710e-18,2.683400376901623474e-18,4.472333961502705790e-18,6.559423143537301826e-18,8.782037597132585915e-18,1.108596721366428284e-17,1.333568672157170454e-17,1.544988095791843818e-17,1.729302465114379572e-17
1.580000000000000000e+02,0.000000000000000000e+00,1.626303258728256651e-19,1.002887009549091601e-18,2.114194236346733646e-18,3.523657060577889411e-18,5.149960319306146062e-18,6.911788849595090767e-18,8.727827488508310694e-18,1.048965601879725540e-17,1.214306433183764966e-17,1.360673726469308065e-17
1.590000000000000000e+02,0.000000000000000000e+00,1.084202172485504434e-19,7.860465750519907147e-19,1.653408313040394262e-18,2.764715539838036307e-18,4.038653092508504017e-18,5.421010862427522170e-18,6.857578740970815545e-18,8.267041565201971309e-18,9.568084172184576630e-18,1.070649645329435629e-17
1.600000000000000000e+02,0.000000000000000000e+00,8.131516293641283255e-20,6.234162491791650496e-19,1.301042606982605321e-18,2.168404344971008868e-18,3.171291354520100469e-18,4.282598581317742514e-18,5.393905808115384559e-18,6.478107980600888993e-18,7.508100044462118206e-18,8.429671891074796974e-18
1.610000000000000000e+02,0.000000000000000000e+00,8.131516293641283255e-20,4.878909776184769953e-19,1.029992063861229212e-18,1.707618421664669484e-18,2.493664996716660198e-18,3.361026734705063745e-18,4.228388472693467293e-18,5.095750210681870840e-18,5.908901840045999165e-18,6.613633252161577047e-18
1.620000000000000000e+02,0.000000000000000000e+00,5.421010862427522170e-20,3.794707603699265519e-19,8.131516293641283255e-19,1.355252715606880543e-18,1.978668964786045592e-18,2.629190268277348252e-18,3.333921680392926135e-18,4.011548038196366406e-18,4.634964287375531455e-18,5.204170427930421283e-18
1.630000000000000000e+02,0.000000000000000000e+00,2.710505431213761085e-20,2.981555974335137194e-19,6.234162491791650496e-19,1.057097118173366823e-18,1.544988095791843818e-18,2.087089182034596035e-18,2.629190268277348252e-18,3.144186300207962859e-18,3.659182332138577465e-18,4.092863201132779238e-18
1.640000000000000000e+02,0.000000000000000000e+00,2.710505431213761085e-20,2.439454888092384977e-19,4.878909776184769953e-19,8.402566836762659364e-19,1.219727444046192488e-18,1.626303258728256651e-18,2.059984127722458425e-18,2.493664996716660198e-18,2.873135757086586750e-18,3.225501463144375691e-18
1.650000000000000000e+02,0.000000000000000000e+00,2.710505431213761085e-20,1.897353801849632760e-19,3.794707603699265519e-19,6.505213034913026604e-19,9.486769009248163798e-19,1.273937552670467710e-18,1.626303258728256651e-18,1.951563910473907981e-18,2.249719507907421701e-18,2.520770051028797809e-18
1.660000000000000000e+02,0.000000000000000000e+00,2.710505431213761085e-20,1.355252715606880543e-19,2.981555974335137194e-19,5.149960319306146062e-19,7.589415207398531038e-19,1.002887009549091601e-18,1.273937552670467710e-18,1.544988095791843818e-18,1.788933584601082316e-18,1.978668964786045592e-18
1.670000000000000000e+02,0.000000000000000000e+00,0.000000000000000000e+00,1.084202172485504434e-19,2.439454888092384977e-19,4.065758146820641628e-19,5.963111948670274387e-19,7.860465750519907147e-19,1.002887009549091601e-18,1.219727444046192488e-18,1.409462824231155764e-18,1.572093150103981429e-18
1.680000000000000000e+02,0.000000000000000000e+00,0.000000000000000000e+00,8.131516293641283255e-20,1.897353801849632760e-19,3.252606517456513302e-19,4.607859233063393845e-19,6.234162491791650496e-19,7.860465750519907147e-19,9.486769009248163798e-19,1.111307226797642045e-18,1.219727444046192488e-18
1.690000000000000000e+02,0.000000000000000000e+00,0.000000000000000000e+00,5.421010862427522170e-20,1.626303258728256651e-19,2.710505431213761085e-19,3.794707603699265519e-19,4.878909776184769953e-19,5.963111948670274387e-19,7.589415207398531038e-19,8.673617379884035472e-19,9.757819552369539906e-19
1.700000000000000000e+02,0.000000000000000000e+00,0.000000000000000000e+00,5.421010862427522170e-20,1.084202172485504434e-19,2.168404344971008868e-19,2.710505431213761085e-19,3.794707603699265519e-19,4.878909776184769953e-19,5.963111948670274387e-19,7.047314121155778821e-19,7.589415207398531038e-19
1.710000000000000000e+02,0.000000000000000000e+00,0.000000000000000000e+00,5.421010862427522170e-20,1.084202172485504434e-19,1.626303258728256651e-19,2.168404344971008868e-19,3.252606517456513302e-19,3.794707603699265519e-19,4.878909776184769953e-19,5.421010862427522170e-19,5.963111948670274387e-19
1.720000000000000000e+02,0.000000000000000000e+00,0.000000000000000000e+00,5.421010862427522170e-20,5.421010862427522170e-20,1.084202172485504434e-19,1.626303258728256651e-19,2.168404344971008868e-19,3.252606517456513302e-19,3.794707603699265519e-19,4.336808689942017736e-19,4.878909776184769953e-19
1.730000000000000000e+02,0.000000000000000000e+00,0.000000000000000000e+00,0.000000000000000000e+00,5.421010862427522170e-20,1.084202172485504434e-19,1.626303258728256651e-19,1.626303258728256651e-19,2.168404344971008868e-19,2.710505431213761085e-19,3.252606517456513302e-19,3.794707603699265519e-19
1.740000000000000000e+02,0.000000000000000000e+00,0.000000000000000000e+00,0.000000000000000000e+00,5.421010862427522170e-20,5.421010862427522170e-20,1.084202172485504434e-19,1.626303258728256651e-19,1.626303258728256651e-19,2.168404344971008868e-19,2.710505431213761085e-19,2.710505431213761085e-19
1.750000000000000000e+02,0.000000000000000000e+00,0.000000000000000000e+00,0.000000000000000000e+00,5.421010862427522170e-20,5.421010862427522170e-20,1.084202172485504434e-19,1.084202172485504434e-19,1.626303258728256651e-19,1.626303258728256651e-19,2.168404344971008868e-19,2.168404344971008868e-19
1.760000000000000000e+02,0.000000000000000000e+00,0.000000000000000000e+00,0.000000000000000000e+00,5.421010862427522170e-20,5.421010862427522170e-20,5.421010862427522170e-20,1.084202172485504434e-19,1.084202172485504434e-19,1.626303258728256651e-19,1.626303258728256651e-19,1.626303258728256651e-19
1.770000000000000000e+02,0.000000000000000000e+00,0.000000000000000000e+00,0.000000000000000000e+00,0.000000000000000000e+00,5.421010862427522170e-20,5.421010862427522170e-20,5.421010862427522170e-20,1.084202172485504434e-19,1.084202172485504434e-19,1.084202172485504434e-19,1.626303258728256651e-19
1.780000000000000000e+02,0.000000000000000000e+00,0.000000000000000000e+00,0.000000000000000000e+00,0.000000000000000000e+00,5.421010862427522170e-20,5.421010862427522170e-20,5.421010862427522170e-20,5.421010862427522170e-20,1.084202172485504434e-19,1.084202172485504434e-19,1.084202172485504434e-19
1.790000000000000000e+02,0.000000000000000000e+00,0.000000000000000000e+00,0.000000000000000000e+00,0.000000000000000000e+00,0.000000000000000000e+00,5.421010862427522170e-20,5.421010862427522170e-20,5.421010862427522170e-20,5.421010862427522170e-20,5.421010862427522170e-20,1.084202172485504434e-19
1.800000000000000000e+02,0.000000000000000000e+00,0.000000000000000000e+00,0.000000000000000000e+00,0.000000000000000000e+00,0.000000000000000000e+00,0.000000000000000000e+00,5.421010862427522170e-20,5.421010862427522170e-20,5.421010862427522170e-20,5.421010862427522170e-20,5.421010862427522170e-20
1.810000000000000000e+02,0.000000000000000000e+00,0.000000000000000000e+00,0.000000000000000000e+00,0.000000000000000000e+00,0.000000000000000000e+00,0.000000000000000000e+00,5.421010862427522170e-20,5.421010862427522170e-20,5.421010862427522170e-20,5.421010862427522170e-20,5.421010862427522170e-20
1.820000000000000000e+02,0.000000000000000000e+00,0.000000000000000000e+00,0.000000000000000000e+00,0.000000000000000000e+00,0.000000000000000000e+00,2.710505431213761085e-20,2.710505431213761085e-20,2.710505431213761085e-20,2.710505431213761085e-20,2.710505431213761085e-20,5.421010862427522170e-20
1.830000000000000000e+02,0.000000000000000000e+00,0.000000000000000000e+00,0.000000000000000000e+00,0.000000000000000000e+00,0.000000000000000000e+00,0.000000000000000000e+00,2.710505431213761085e-20,2.710505431213761085e-20,2.710505431213761085e-20,2.710505431213761085e-20,2.710505431213761085e-20
1.840000000000000000e+02,0.000000000000000000e+00,0.000000000000000000e+00,0.000000000000000000e+00,0.000000000000000000e+00,0.000000000000000000e+00,0.000000000000000000e+00,0.000000000000000000e+00,2.710505431213761085e-20,2.710505431213761085e-20,2.710505431213761085e-20,2.710505431213761085e-20
1.850000000000000000e+02,0.000000000000000000e+00,0.000000000000000000e+00,0.000000000000000000e+00,0.000000000000000000e+00,0.000000000000000000e+00,0.000000000000000000e+00,0.000000000000000000e+00,0.000000000000000000e+00,2.710505431213761085e-20,2.710505431213761085e-20,2.710505431213761085e-20
1.860000000000000000e+02,0.000000000000000000e+00,0.000000000000000000e+00,0.000000000000000000e+00,0.000000000000000000e+00,0.000000000000000000e+00,0.000000000000000000e+00,0.000000000000000000e+00,0.000000000000000000e+00,0.000000000000000000e+00,2.710505431213761085e-20,2.710505431213761085e-20
1.870000000000000000e+02,0.000000000000000000e+00,0.000000000000000000e+00,0.000000000000000000e+00,0.000000000000000000e+00,0.000000000000000000e+00,0.000000000000000000e+00,0.000000000000000000e+00,0.000000000000000000e+00,0.000000000000000000e+00,0.000000000000000000e+00,0.000000000000000000e+00
1.880000000000000000e+02,0.000000000000000000e+00,0.000000000000000000e+00,0.000000000000000000e+00,0.000000000000000000e+00,0.000000000000000000e+00,0.000000000000000000e+00,0.000000000000000000e+00,0.000000000000000000e+00,0.000000000000000000e+00,0.000000000000000000e+00,0.000000000000000000e+00
1.890000000000000000e+02,0.000000000000000000e+00,0.000000000000000000e+00,0.000000000000000000e+00,0.000000000000000000e+00,0.000000000000000000e+00,0.000000000000000000e+00,0.000000000000000000e+00,0.000000000000000000e+00,0.000000000000000000e+00,0.000000000000000000e+00,0.000000000000000000e+00
1.900000000000000000e+02,0.000000000000000000e+00,0.000000000000000000e+00,0.000000000000000000e+00,0.000000000000000000e+00,0.000000000000000000e+00,0.000000000000000000e+00,0.000000000000000000e+00,0.000000000000000000e+00,0.000000000000000000e+00,0.000000000000000000e+00,0.000000000000000000e+00
1.910000000000000000e+02,0.000000000000000000e+00,0.000000000000000000e+00,0.000000000000000000e+00,0.000000000000000000e+00,0.000000000000000000e+00,0.000000000000000000e+00,0.000000000000000000e+00,0.000000000000000000e+00,0.000000000000000000e+00,0.000000000000000000e+00,0.000000000000000000e+00
1.920000000000000000e+02,0.000000000000000000e+00,0.000000000000000000e+00,0.000000000000000000e+00,0.000000000000000000e+00,0.000000000000000000e+00,0.000000000000000000e+00,0.000000000000000000e+00,0.000000000000000000e+00,0.000000000000000000e+00,0.000000000000000000e+00,0.000000000000000000e+00
1.930000000000000000e+02,0.000000000000000000e+00,0.000000000000000000e+00,0.000000000000000000e+00,0.000000000000000000e+00,0.000000000000000000e+00,0.000000000000000000e+00,0.000000000000000000e+00,0.000000000000000000e+00,0.000000000000000000e+00,0.000000000000000000e+00,0.000000000000000000e+00
1.940000000000000000e+02,0.000000000000000000e+00,0.000000000000000000e+00,0.000000000000000000e+00,0.000000000000000000e+00,0.000000000000000000e+00,0.000000000000000000e+00,0.000000000000000000e+00,0.000000000000000000e+00,0.000000000000000000e+00,0.000000000000000000e+00,0.000000000000000000e+00
1.950000000000000000e+02,0.000000000000000000e+00,0.000000000000000000e+00,0.000000000000000000e+00,0.000000000000000000e+00,0.000000000000000000e+00,0.000000000000000000e+00,0.000000000000000000e+00,0.000000000000000000e+00,0.000000000000000000e+00,0.000000000000000000e+00,0.000000000000000000e+00
1.960000000000000000e+02,0.000000000000000000e+00,0.000000000000000000e+00,0.000000000000000000e+00,0.000000000000000000e+00,0.000000000000000000e+00,0.000000000000000000e+00,0.000000000000000000e+00,0.000000000000000000e+00,0.000000000000000000e+00,0.000000000000000000e+00,0.000000000000000000e+00
1.970000000000000000e+02,0.000000000000000000e+00,0.000000000000000000e+00,0.000000000000000000e+00,0.000000000000000000e+00,0.000000000000000000e+00,0.000000000000000000e+00,0.000000000000000000e+00,0.000000000000000000e+00,0.000000000000000000e+00,0.000000000000000000e+00,0.000000000000000000e+00
1.980000000000000000e+02,0.000000000000000000e+00,0.000000000000000000e+00,0.000000000000000000e+00,0.000000000000000000e+00,0.000000000000000000e+00,0.000000000000000000e+00,0.000000000000000000e+00,0.000000000000000000e+00,0.000000000000000000e+00,0.000000000000000000e+00,0.000000000000000000e+00
1.990000000000000000e+02,0.000000000000000000e+00,0.000000000000000000e+00,0.000000000000000000e+00,0.000000000000000000e+00,0.000000000000000000e+00,0.000000000000000000e+00,0.000000000000000000e+00,0.000000000000000000e+00,0.000000000000000000e+00,0.000000000000000000e+00,0.000000000000000000e+00
2.000000000000000000e+02,0.000000000000000000e+00,0.000000000000000000e+00,0.000000000000000000e+00,0.000000000000000000e+00,0.000000000000000000e+00,0.000000000000000000e+00,0.000000000000000000e+00,0.000000000000000000e+00,0.000000000000000000e+00,0.000000000000000000e+00,0.000000000000000000e+00
2.010000000000000000e+02,0.000000000000000000e+00,0.000000000000000000e+00,0.000000000000000000e+00,0.000000000000000000e+00,0.000000000000000000e+00,0.000000000000000000e+00,0.000000000000000000e+00,0.000000000000000000e+00,0.000000000000000000e+00,0.000000000000000000e+00,0.000000000000000000e+00
2.020000000000000000e+02,0.000000000000000000e+00,0.000000000000000000e+00,0.000000000000000000e+00,0.000000000000000000e+00,0.000000000000000000e+00,0.000000000000000000e+00,0.000000000000000000e+00,0.000000000000000000e+00,0.000000000000000000e+00,0.000000000000000000e+00,0.000000000000000000e+00
2.030000000000000000e+02,0.000000000000000000e+00,0.000000000000000000e+00,0.000000000000000000e+00,0.000000000000000000e+00,0.000000000000000000e+00,0.000000000000000000e+00,0.000000000000000000e+00,0.000000000000000000e+00,0.000000000000000000e+00,0.000000000000000000e+00,0.000000000000000000e+00
2.040000000000000000e+02,0.000000000000000000e+00,0.000000000000000000e+00,0.000000000000000000e+00,0.000000000000000000e+00,0.000000000000000000e+00,0.000000000000000000e+00,0.000000000000000000e+00,0.000000000000000000e+00,0.000000000000000000e+00,0.000000000000000000e+00,0.000000000000000000e+00
2.050000000000000000e+02,0.000000000000000000e+00,0.000000000000000000e+00,0.000000000000000000e+00,0.000000000000000000e+00,0.000000000000000000e+00,0.000000000000000000e+00,0.000000000000000000e+00,0.000000000000000000e+00,0.000000000000000000e+00,0.000000000000000000e+00,0.000000000000000000e+00
2.060000000000000000e+02,0.000000000000000000e+00,0.000000000000000000e+00,0.000000000000000000e+00,0.000000000000000000e+00,0.000000000000000000e+00,0.000000000000000000e+00,0.000000000000000000e+00,0.000000000000000000e+00,0.000000000000000000e+00,0.000000000000000000e+00,0.000000000000000000e+00
2.070000000000000000e+02,0.000000000000000000e+00,0.000000000000000000e+00,0.000000000000000000e+00,0.000000000000000000e+00,0.000000000000000000e+00,0.000000000000000000e+00,0.000000000000000000e+00,0.000000000000000000e+00,0.000000000000000000e+00,0.000000000000000000e+00,0.000000000000000000e+00
2.080000000000000000e+02,0.000000000000000000e+00,0.000000000000000000e+00,0.000000000000000000e+00,0.000000000000000000e+00,0.000000000000000000e+00,0.000000000000000000e+00,0.000000000000000000e+00,0.000000000000000000e+00,0.000000000000000000e+00,0.000000000000000000e+00,0.000000000000000000e+00
2.090000000000000000e+02,0.000000000000000000e+00,0.000000000000000000e+00,0.000000000000000000e+00,0.000000000000000000e+00,0.000000000000000000e+00,0.000000000000000000e+00,0.000000000000000000e+00,0.000000000000000000e+00,0.000000000000000000e+00,0.000000000000000000e+00,0.000000000000000000e+00
2.100000000000000000e+02,0.000000000000000000e+00,0.000000000000000000e+00,0.000000000000000000e+00,0.000000000000000000e+00,0.000000000000000000e+00,0.000000000000000000e+00,0.000000000000000000e+00,0.000000000000000000e+00,0.000000000000000000e+00,0.000000000000000000e+00,0.000000000000000000e+00
2.110000000000000000e+02,0.000000000000000000e+00,0.000000000000000000e+00,0.000000000000000000e+00,0.000000000000000000e+00,0.000000000000000000e+00,0.000000000000000000e+00,0.000000000000000000e+00,0.000000000000000000e+00,0.000000000000000000e+00,0.000000000000000000e+00,0.000000000000000000e+00
2.120000000000000000e+02,0.000000000000000000e+00,0.000000000000000000e+00,0.000000000000000000e+00,0.000000000000000000e+00,0.000000000000000000e+00,0.000000000000000000e+00,0.000000000000000000e+00,0.000000000000000000e+00,0.000000000000000000e+00,0.000000000000000000e+00,0.000000000000000000e+00
2.130000000000000000e+02,0.000000000000000000e+00,0.000000000000000000e+00,0.000000000000000000e+00,0.000000000000000000e+00,0.000000000000000000e+00,0.000000000000000000e+00,0.000000000000000000e+00,0.000000000000000000e+00,0.000000000000000000e+00,0.000000000000000000e+00,0.000000000000000000e+00
2.140000000000000000e+02,0.000000000000000000e+00,0.000000000000000000e+00,0.000000000000000000e+00,0.000000000000000000e+00,0.000000000000000000e+00,0.000000000000000000e+00,0.000000000000000000e+00,0.000000000000000000e+00,0.000000000000000000e+00,0.000000000000000000e+00,0.000000000000000000e+00
2.150000000000000000e+02,0.000000000000000000e+00,0.000000000000000000e+00,0.000000000000000000e+00,0.000000000000000000e+00,0.000000000000000000e+00,0.000000000000000000e+00,0.000000000000000000e+00,0.000000000000000000e+00,0.000000000000000000e+00,0.000000000000000000e+00,0.000000000000000000e+00
2.160000000000000000e+02,0.000000000000000000e+00,0.000000000000000000e+00,0.000000000000000000e+00,0.000000000000000000e+00,0.000000000000000000e+00,0.000000000000000000e+00,0.000000000000000000e+00,0.000000000000000000e+00,0.000000000000000000e+00,0.000000000000000000e+00,0.000000000000000000e+00
2.170000000000000000e+02,0.000000000000000000e+00,0.000000000000000000e+00,0.000000000000000000e+00,0.000000000000000000e+00,0.000000000000000000e+00,0.000000000000000000e+00,0.000000000000000000e+00,0.000000000000000000e+00,0.000000000000000000e+00,0.000000000000000000e+00,0.000000000000000000e+00
2.180000000000000000e+02,0.000000000000000000e+00,0.000000000000000000e+00,0.000000000000000000e+00,0.000000000000000000e+00,0.000000000000000000e+00,0.000000000000000000e+00,0.000000000000000000e+00,0.000000000000000000e+00,0.000000000000000000e+00,0.000000000000000000e+00,0.000000000000000000e+00
2.190000000000000000e+02,0.000000000000000000e+00,0.000000000000000000e+00,0.000000000000000000e+00,0.000000000000000000e+00,0.000000000000000000e+00,0.000000000000000000e+00,0.000000000000000000e+00,0.000000000000000000e+00,0.000000000000000000e+00,0.000000000000000000e+00,0.000000000000000000e+00
2.200000000000000000e+02,0.000000000000000000e+00,0.000000000000000000e+00,0.000000000000000000e+00,0.000000000000000000e+00,0.000000000000000000e+00,0.000000000000000000e+00,0.000000000000000000e+00,0.000000000000000000e+00,0.000000000000000000e+00,0.000000000000000000e+00,0.000000000000000000e+00
2.210000000000000000e+02,0.000000000000000000e+00,0.000000000000000000e+00,0.000000000000000000e+00,0.000000000000000000e+00,0.000000000000000000e+00,0.000000000000000000e+00,0.000000000000000000e+00,0.000000000000000000e+00,0.000000000000000000e+00,0.000000000000000000e+00,0.000000000000000000e+00
2.220000000000000000e+02,0.000000000000000000e+00,0.000000000000000000e+00,0.000000000000000000e+00,0.000000000000000000e+00,0.000000000000000000e+00,0.000000000000000000e+00,0.000000000000000000e+00,0.000000000000000000e+00,0.000000000000000000e+00,0.000000000000000000e+00,0.000000000000000000e+00
2.230000000000000000e+02,0.000000000000000000e+00,0.000000000000000000e+00,0.000000000000000000e+00,0.000000000000000000e+00,0.000000000000000000e+00,0.000000000000000000e+00,0.000000000000000000e+00,0.000000000000000000e+00,0.000000000000000000e+00,0.000000000000000000e+00,0.000000000000000000e+00
2.240000000000000000e+02,0.000000000000000000e+00,0.000000000000000000e+00,0.000000000000000000e+00,0.000000000000000000e+00,0.000000000000000000e+00,0.000000000000000000e+00,0.000000000000000000e+00,0.000000000000000000e+00,0.000000000000000000e+00,0.000000000000000000e+00,0.000000000000000000e+00
2.250000000000000000e+02,0.000000000000000000e+00,0.000000000000000000e+00,0.000000000000000000e+00,0.000000000000000000e+00,0.000000000000000000e+00,0.000000000000000000e+00,0.000000000000000000e+00,0.000000000000000000e+00,0.000000000000000000e+00,0.000000000000000000e+00,0.000000000000000000e+00
2.260000000000000000e+02,0.000000000000000000e+00,0.000000000000000000e+00,0.000000000000000000e+00,0.000000000000000000e+00,0.000000000000000000e+00,0.000000000000000000e+00,0.000000000000000000e+00,0.000000000000000000e+00,0.000000000000000000e+00,0.000000000000000000e+00,0.000000000000000000e+00
2.270000000000000000e+02,0.000000000000000000e+00,0.000000000000000000e+00,0.000000000000000000e+00,0.000000000000000000e+00,0.000000000000000000e+00,0.000000000000000000e+00,0.000000000000000000e+00,0.000000000000000000e+00,0.000000000000000000e+00,0.000000000000000000e+00,0.000000000000000000e+00
2.280000000000000000e+02,0.000000000000000000e+00,0.000000000000000000e+00,0.000000000000000000e+00,0.000000000000000000e+00,0.000000000000000000e+00,0.000000000000000000e+00,0.000000000000000000e+00,0.000000000000000000e+00,0.000000000000000000e+00,0.000000000000000000e+00,0.000000000000000000e+00
2.290000000000000000e+02,0.000000000000000000e+00,0.000000000000000000e+00,0.000000000000000000e+00,0.000000000000000000e+00,0.000000000000000000e+00,0.000000000000000000e+00,0.000000000000000000e+00,0.000000000000000000e+00,0.000000000000000000e+00,0.000000000000000000e+00,0.000000000000000000e+00
2.300000000000000000e+02,0.000000000000000000e+00,0.000000000000000000e+00,0.000000000000000000e+00,0.000000000000000000e+00,0.000000000000000000e+00,0.000000000000000000e+00,0.000000000000000000e+00,0.000000000000000000e+00,0.000000000000000000e+00,0.000000000000000000e+00,0.000000000000000000e+00
2.310000000000000000e+02,0.000000000000000000e+00,0.000000000000000000e+00,0.000000000000000000e+00,0.000000000000000000e+00,0.000000000000000000e+00,0.000000000000000000e+00,0.000000000000000000e+00,0.000000000000000000e+00,0.000000000000000000e+00,0.000000000000000000e+00,0.000000000000000000e+00
2.320000000000000000e+02,0.000000000000000000e+00,0.000000000000000000e+00,0.000000000000000000e+00,0.000000000000000000e+00,0.000000000000000000e+00,0.000000000000000000e+00,0.000000000000000000e+00,0.000000000000000000e+00,0.000000000000000000e+00,0.000000000000000000e+00,0.000000000000000000e+00
2.330000000000000000e+02,0.000000000000000000e+00,0.000000000000000000e+00,0.000000000000000000e+00,0.000000000000000000e+00,0.000000000000000000e+00,0.000000000000000000e+00,0.000000000000000000e+00,0.000000000000000000e+00,0.000000000000000000e+00,0.000000000000000000e+00,0.000000000000000000e+00
2.340000000000000000e+02,0.000000000000000000e+00,0.000000000000000000e+00,0.000000000000000000e+00,0.000000000000000000e+00,0.000000000000000000e+00,0.000000000000000000e+00,0.000000000000000000e+00,0.000000000000000000e+00,0.000000000000000000e+00,0.000000000000000000e+00,0.000000000000000000e+00
2.350000000000000000e+02,0.000000000000000000e+00,0.000000000000000000e+00,0.000000000000000000e+00,0.000000000000000000e+00,0.000000000000000000e+00,0.000000000000000000e+00,0.000000000000000000e+00,0.000000000000000000e+00,0.000000000000000000e+00,0.000000000000000000e+00,0.000000000000000000e+00
2.360000000000000000e+02,0.000000000000000000e+00,0.000000000000000000e+00,0.000000000000000000e+00,0.000000000000000000e+00,0.000000000000000000e+00,0.000000000000000000e+00,0.000000000000000000e+00,0.000000000000000000e+00,0.000000000000000000e+00,0.000000000000000000e+00,0.000000000000000000e+00
2.370000000000000000e+02,0.000000000000000000e+00,0.000000000000000000e+00,0.000000000000000000e+00,0.000000000000000000e+00,0.000000000000000000e+00,0.000000000000000000e+00,0.000000000000000000e+00,0.000000000000000000e+00,0.000000000000000000e+00,0.000000000000000000e+00,0.000000000000000000e+00
2.380000000000000000e+02,0.000000000000000000e+00,0.000000000000000000e+00,0.000000000000000000e+00,0.000000000000000000e+00,0.000000000000000000e+00,0.000000000000000000e+00,0.000000000000000000e+00,0.000000000000000000e+00,0.000000000000000000e+00,0.000000000000000000e+00,0.000000000000000000e+00
2.390000000000000000e+02,0.000000000000000000e+00,0.000000000000000000e+00,0.000000000000000000e+00,0.000000000000000000e+00,0.000000000000000000e+00,0.000000000000000000e+00,0.000000000000000000e+00,0.000000000000000000e+00,0.000000000000000000e+00,0.000000000000000000e+00,0.000000000000000000e+00
2.400000000000000000e+02,0.000000000000000000e+00,0.000000000000000000e+00,0.000000000000000000e+00,0.000000000000000000e+00,0.000000000000000000e+00,0.000000000000000000e+00,0.000000000000000000e+00,0.000000000000000000e+00,0.000000000000000000e+00,0.000000000000000000e+00,0.000000000000000000e+00
2.410000000000000000e+02,0.000000000000000000e+00,0.000000000000000000e+00,0.000000000000000000e+00,0.000000000000000000e+00,0.000000000000000000e+00,0.000000000000000000e+00,0.000000000000000000e+00,0.000000000000000000e+00,0.000000000000000000e+00,0.000000000000000000e+00,0.000000000000000000e+00
2.420000000000000000e+02,0.000000000000000000e+00,0.000000000000000000e+00,0.000000000000000000e+00,0.000000000000000000e+00,0.000000000000000000e+00,0.000000000000000000e+00,0.000000000000000000e+00,0.000000000000000000e+00,0.000000000000000000e+00,0.000000000000000000e+00,0.000000000000000000e+00
2.430000000000000000e+02,0.000000000000000000e+00,0.000000000000000000e+00,0.000000000000000000e+00,0.000000000000000000e+00,0.000000000000000000e+00,0.000000000000000000e+00,0.000000000000000000e+00,0.000000000000000000e+00,0.000000000000000000e+00,0.000000000000000000e+00,0.000000000000000000e+00
2.440000000000000000e+02,0.000000000000000000e+00,0.000000000000000000e+00,0.000000000000000000e+00,0.000000000000000000e+00,0.000000000000000000e+00,0.000000000000000000e+00,0.000000000000000000e+00,0.000000000000000000e+00,0.000000000000000000e+00,0.000000000000000000e+00,0.000000000000000000e+00
2.450000000000000000e+02,0.000000000000000000e+00,0.000000000000000000e+00,0.000000000000000000e+00,0.000000000000000000e+00,0.000000000000000000e+00,0.000000000000000000e+00,0.000000000000000000e+00,0.000000000000000000e+00,0.000000000000000000e+00,0.000000000000000000e+00,0.000000000000000000e+00
2.460000000000000000e+02,0.000000000000000000e+00,0.000000000000000000e+00,0.000000000000000000e+00,0.000000000000000000e+00,0.000000000000000000e+00,0.000000000000000000e+00,0.000000000000000000e+00,0.000000000000000000e+00,0.000000000000000000e+00,0.000000000000000000e+00,0.000000000000000000e+00
2.470000000000000000e+02,0.000000000000000000e+00,0.000000000000000000e+00,0.000000000000000000e+00,0.000000000000000000e+00,0.000000000000000000e+00,0.000000000000000000e+00,0.000000000000000000e+00,0.000000000000000000e+00,0.000000000000000000e+00,0.000000000000000000e+00,0.000000000000000000e+00
2.480000000000000000e+02,0.000000000000000000e+00,0.000000000000000000e+00,0.000000000000000000e+00,0.000000000000000000e+00,0.000000000000000000e+00,0.000000000000000000e+00,0.000000000000000000e+00,0.000000000000000000e+00,0.000000000000000000e+00,0.000000000000000000e+00,0.000000000000000000e+00
2.490000000000000000e+02,0.000000000000000000e+00,0.000000000000000000e+00,0.000000000000000000e+00,0.000000000000000000e+00,0.000000000000000000e+00,0.000000000000000000e+00,0.000000000000000000e+00,0.000000000000000000e+00,0.000000000000000000e+00,0.000000000000000000e+00,0.000000000000000000e+00
2.500000000000000000e+02,0.000000000000000000e+00,0.000000000000000000e+00,0.000000000000000000e+00,0.000000000000000000e+00,0.000000000000000000e+00,0.000000000000000000e+00,0.000000000000000000e+00,0.000000000000000000e+00,0.000000000000000000e+00,0.000000000000000000e+00,0.000000000000000000e+00
2.510000000000000000e+02,0.000000000000000000e+00,0.000000000000000000e+00,0.000000000000000000e+00,0.000000000000000000e+00,0.000000000000000000e+00,0.000000000000000000e+00,0.000000000000000000e+00,0.000000000000000000e+00,0.000000000000000000e+00,0.000000000000000000e+00,0.000000000000000000e+00
2.520000000000000000e+02,0.000000000000000000e+00,0.000000000000000000e+00,0.000000000000000000e+00,0.000000000000000000e+00,0.000000000000000000e+00,0.000000000000000000e+00,0.000000000000000000e+00,0.000000000000000000e+00,0.000000000000000000e+00,0.000000000000000000e+00,0.000000000000000000e+00
2.530000000000000000e+02,0.000000000000000000e+00,0.000000000000000000e+00,0.000000000000000000e+00,0.000000000000000000e+00,0.000000000000000000e+00,0.000000000000000000e+00,0.000000000000000000e+00,0.000000000000000000e+00,0.000000000000000000e+00,0.000000000000000000e+00,0.000000000000000000e+00
2.540000000000000000e+02,0.000000000000000000e+00,0.000000000000000000e+00,0.000000000000000000e+00,0.000000000000000000e+00,0.000000000000000000e+00,0.000000000000000000e+00,0.000000000000000000e+00,0.000000000000000000e+00,0.000000000000000000e+00,0.000000000000000000e+00,0.000000000000000000e+00
2.550000000000000000e+02,0.000000000000000000e+00,0.000000000000000000e+00,0.000000000000000000e+00,0.000000000000000000e+00,0.000000000000000000e+00,0.000000000000000000e+00,0.000000000000000000e+00,0.000000000000000000e+00,0.000000000000000000e+00,0.000000000000000000e+00,0.000000000000000000e+00
2.560000000000000000e+02,0.000000000000000000e+00,0.000000000000000000e+00,0.000000000000000000e+00,0.000000000000000000e+00,0.000000000000000000e+00,0.000000000000000000e+00,0.000000000000000000e+00,0.000000000000000000e+00,0.000000000000000000e+00,0.000000000000000000e+00,0.000000000000000000e+00
2.570000000000000000e+02,0.000000000000000000e+00,0.000000000000000000e+00,0.000000000000000000e+00,0.000000000000000000e+00,0.000000000000000000e+00,0.000000000000000000e+00,0.000000000000000000e+00,0.000000000000000000e+00,0.000000000000000000e+00,0.000000000000000000e+00,0.000000000000000000e+00
2.580000000000000000e+02,0.000000000000000000e+00,0.000000000000000000e+00,0.000000000000000000e+00,0.000000000000000000e+00,0.000000000000000000e+00,0.000000000000000000e+00,0.000000000000000000e+00,0.000000000000000000e+00,0.000000000000000000e+00,0.000000000000000000e+00,0.000000000000000000e+00
2.590000000000000000e+02,0.000000000000000000e+00,0.000000000000000000e+00,0.000000000000000000e+00,0.000000000000000000e+00,0.000000000000000000e+00,0.000000000000000000e+00,0.000000000000000000e+00,0.000000000000000000e+00,0.000000000000000000e+00,0.000000000000000000e+00,0.000000000000000000e+00
2.600000000000000000e+02,0.000000000000000000e+00,0.000000000000000000e+00,0.000000000000000000e+00,0.000000000000000000e+00,0.000000000000000000e+00,0.000000000000000000e+00,0.000000000000000000e+00,0.000000000000000000e+00,0.000000000000000000e+00,0.000000000000000000e+00,0.000000000000000000e+00
2.610000000000000000e+02,0.000000000000000000e+00,0.000000000000000000e+00,0.000000000000000000e+00,0.000000000000000000e+00,0.000000000000000000e+00,0.000000000000000000e+00,0.000000000000000000e+00,0.000000000000000000e+00,0.000000000000000000e+00,0.000000000000000000e+00,0.000000000000000000e+00
2.620000000000000000e+02,0.000000000000000000e+00,0.000000000000000000e+00,0.000000000000000000e+00,0.000000000000000000e+00,0.000000000000000000e+00,0.000000000000000000e+00,0.000000000000000000e+00,0.000000000000000000e+00,0.000000000000000000e+00,0.000000000000000000e+00,0.000000000000000000e+00
2.630000000000000000e+02,0.000000000000000000e+00,0.000000000000000000e+00,0.000000000000000000e+00,0.000000000000000000e+00,0.000000000000000000e+00,0.000000000000000000e+00,0.000000000000000000e+00,0.000000000000000000e+00,0.000000000000000000e+00,0.000000000000000000e+00,0.000000000000000000e+00
2.640000000000000000e+02,0.000000000000000000e+00,0.000000000000000000e+00,0.000000000000000000e+00,0.000000000000000000e+00,0.000000000000000000e+00,0.000000000000000000e+00,0.000000000000000000e+00,0.000000000000000000e+00,0.000000000000000000e+00,0.000000000000000000e+00,0.000000000000000000e+00
2.650000000000000000e+02,0.000000000000000000e+00,0.000000000000000000e+00,0.000000000000000000e+00,0.000000000000000000e+00,0.000000000000000000e+00,0.000000000000000000e+00,0.000000000000000000e+00,0.000000000000000000e+00,0.000000000000000000e+00,0.000000000000000000e+00,0.000000000000000000e+00
2.660000000000000000e+02,0.000000000000000000e+00,0.000000000000000000e+00,0.000000000000000000e+00,0.000000000000000000e+00,0.000000000000000000e+00,0.000000000000000000e+00,0.000000000000000000e+00,0.000000000000000000e+00,0.000000000000000000e+00,0.000000000000000000e+00,0.000000000000000000e+00
2.670000000000000000e+02,0.000000000000000000e+00,0.000000000000000000e+00,0.000000000000000000e+00,0.000000000000000000e+00,0.000000000000000000e+00,0.000000000000000000e+00,0.000000000000000000e+00,0.000000000000000000e+00,0.000000000000000000e+00,0.000000000000000000e+00,0.000000000000000000e+00
2.680000000000000000e+02,0.000000000000000000e+00,0.000000000000000000e+00,0.000000000000000000e+00,0.000000000000000000e+00,0.000000000000000000e+00,0.000000000000000000e+00,0.000000000000000000e+00,0.000000000000000000e+00,0.000000000000000000e+00,0.000000000000000000e+00,0.000000000000000000e+00
2.690000000000000000e+02,0.000000000000000000e+00,0.000000000000000000e+00,0.000000000000000000e+00,0.000000000000000000e+00,0.000000000000000000e+00,0.000000000000000000e+00,0.000000000000000000e+00,0.000000000000000000e+00,0.000000000000000000e+00,0.000000000000000000e+00,0.000000000000000000e+00
2.700000000000000000e+02,0.000000000000000000e+00,0.000000000000000000e+00,0.000000000000000000e+00,0.000000000000000000e+00,0.000000000000000000e+00,0.000000000000000000e+00,0.000000000000000000e+00,0.000000000000000000e+00,0.000000000000000000e+00,0.000000000000000000e+00,0.000000000000000000e+00
2.710000000000000000e+02,0.000000000000000000e+00,0.000000000000000000e+00,0.000000000000000000e+00,0.000000000000000000e+00,0.000000000000000000e+00,0.000000000000000000e+00,0.000000000000000000e+00,0.000000000000000000e+00,0.000000000000000000e+00,0.000000000000000000e+00,0.000000000000000000e+00
2.720000000000000000e+02,0.000000000000000000e+00,0.000000000000000000e+00,0.000000000000000000e+00,0.000000000000000000e+00,0.000000000000000000e+00,0.000000000000000000e+00,0.000000000000000000e+00,0.000000000000000000e+00,0.000000000000000000e+00,0.000000000000000000e+00,0.000000000000000000e+00
2.730000000000000000e+02,0.000000000000000000e+00,0.000000000000000000e+00,0.000000000000000000e+00,0.000000000000000000e+00,0.000000000000000000e+00,0.000000000000000000e+00,0.000000000000000000e+00,0.000000000000000000e+00,0.000000000000000000e+00,0.000000000000000000e+00,0.000000000000000000e+00
2.740000000000000000e+02,0.000000000000000000e+00,0.000000000000000000e+00,0.000000000000000000e+00,0.000000000000000000e+00,0.000000000000000000e+00,0.000000000000000000e+00,0.000000000000000000e+00,0.000000000000000000e+00,0.000000000000000000e+00,0.000000000000000000e+00,0.000000000000000000e+00
2.750000000000000000e+02,0.000000000000000000e+00,0.000000000000000000e+00,0.000000000000000000e+00,0.000000000000000000e+00,0.000000000000000000e+00,0.000000000000000000e+00,0.000000000000000000e+00,0.000000000000000000e+00,0.000000000000000000e+00,0.000000000000000000e+00,0.000000000000000000e+00
2.760000000000000000e+02,0.000000000000000000e+00,0.000000000000000000e+00,0.000000000000000000e+00,0.000000000000000000e+00,0.000000000000000000e+00,0.000000000000000000e+00,0.000000000000000000e+00,0.000000000000000000e+00,0.000000000000000000e+00,0.000000000000000000e+00,0.000000000000000000e+00
2.770000000000000000e+02,0.000000000000000000e+00,0.000000000000000000e+00,0.000000000000000000e+00,0.000000000000000000e+00,0.000000000000000000e+00,0.000000000000000000e+00,0.000000000000000000e+00,0.000000000000000000e+00,0.000000000000000000e+00,0.000000000000000000e+00,0.000000000000000000e+00
2.780000000000000000e+02,0.000000000000000000e+00,0.000000000000000000e+00,0.000000000000000000e+00,0.000000000000000000e+00,0.000000000000000000e+00,0.000000000000000000e+00,0.000000000000000000e+00,0.000000000000000000e+00,0.000000000000000000e+00,0.000000000000000000e+00,0.000000000000000000e+00
2.790000000000000000e+02,0.000000000000000000e+00,0.000000000000000000e+00,0.000000000000000000e+00,0.000000000000000000e+00,0.000000000000000000e+00,0.000000000000000000e+00,0.000000000000000000e+00,0.000000000000000000e+00,0.000000000000000000e+00,0.000000000000000000e+00,0.000000000000000000e+00
2.800000000000000000e+02,0.000000000000000000e+00,0.000000000000000000e+00,0.000000000000000000e+00,0.000000000000000000e+00,0.000000000000000000e+00,0.000000000000000000e+00,0.000000000000000000e+00,0.000000000000000000e+00,0.000000000000000000e+00,0.000000000000000000e+00,0.000000000000000000e+00
2.810000000000000000e+02,0.000000000000000000e+00,0.000000000000000000e+00,0.000000000000000000e+00,0.000000000000000000e+00,0.000000000000000000e+00,0.000000000000000000e+00,0.000000000000000000e+00,0.000000000000000000e+00,0.000000000000000000e+00,0.000000000000000000e+00,0.000000000000000000e+00
2.820000000000000000e+02,0.000000000000000000e+00,0.000000000000000000e+00,0.000000000000000000e+00,0.000000000000000000e+00,0.000000000000000000e+00,0.000000000000000000e+00,0.000000000000000000e+00,0.000000000000000000e+00,0.000000000000000000e+00,0.000000000000000000e+00,0.000000000000000000e+00
2.830000000000000000e+02,0.000000000000000000e+00,0.000000000000000000e+00,0.000000000000000000e+00,0.000000000000000000e+00,0.000000000000000000e+00,0.000000000000000000e+00,0.000000000000000000e+00,0.000000000000000000e+00,0.000000000000000000e+00,0.000000000000000000e+00,0.000000000000000000e+00
2.840000000000000000e+02,0.000000000000000000e+00,0.000000000000000000e+00,0.000000000000000000e+00,0.000000000000000000e+00,0.000000000000000000e+00,0.000000000000000000e+00,0.000000000000000000e+00,0.000000000000000000e+00,0.000000000000000000e+00,0.000000000000000000e+00,0.000000000000000000e+00
2.850000000000000000e+02,0.000000000000000000e+00,0.000000000000000000e+00,0.000000000000000000e+00,0.000000000000000000e+00,0.000000000000000000e+00,0.000000000000000000e+00,0.000000000000000000e+00,0.000000000000000000e+00,0.000000000000000000e+00,0.000000000000000000e+00,0.000000000000000000e+00
2.860000000000000000e+02,0.000000000000000000e+00,0.000000000000000000e+00,0.000000000000000000e+00,0.000000000000000000e+00,0.000000000000000000e+00,0.000000000000000000e+00,0.000000000000000000e+00,0.000000000000000000e+00,0.000000000000000000e+00,0.000000000000000000e+00,0.000000000000000000e+00
2.870000000000000000e+02,0.000000000000000000e+00,0.000000000000000000e+00,0.000000000000000000e+00,0.000000000000000000e+00,0.000000000000000000e+00,0.000000000000000000e+00,0.000000000000000000e+00,0.000000000000000000e+00,0.000000000000000000e+00,0.000000000000000000e+00,0.000000000000000000e+00
2.880000000000000000e+02,0.000000000000000000e+00,0.000000000000000000e+00,0.000000000000000000e+00,0.000000000000000000e+00,0.000000000000000000e+00,0.000000000000000000e+00,0.000000000000000000e+00,0.000000000000000000e+00,0.000000000000000000e+00,0.000000000000000000e+00,0.000000000000000000e+00
2.890000000000000000e+02,0.000000000000000000e+00,0.000000000000000000e+00,0.000000000000000000e+00,0.000000000000000000e+00,0.000000000000000000e+00,0.000000000000000000e+00,0.000000000000000000e+00,0.000000000000000000e+00,0.000000000000000000e+00,0.000000000000000000e+00,0.000000000000000000e+00
2.900000000000000000e+02,0.000000000000000000e+00,0.000000000000000000e+00,0.000000000000000000e+00,0.000000000000000000e+00,0.000000000000000000e+00,0.000000000000000000e+00,0.000000000000000000e+00,0.000000000000000000e+00,0.000000000000000000e+00,0.000000000000000000e+00,0.000000000000000000e+00
2.910000000000000000e+02,0.000000000000000000e+00,0.000000000000000000e+00,0.000000000000000000e+00,0.000000000000000000e+00,0.000000000000000000e+00,0.000000000000000000e+00,0.000000000000000000e+00,0.000000000000000000e+00,0.000000000000000000e+00,0.000000000000000000e+00,0.000000000000000000e+00
2.920000000000000000e+02,0.000000000000000000e+00,0.000000000000000000e+00,0.000000000000000000e+00,0.000000000000000000e+00,0.000000000000000000e+00,0.000000000000000000e+00,0.000000000000000000e+00,0.000000000000000000e+00,0.000000000000000000e+00,0.000000000000000000e+00,0.000000000000000000e+00
2.930000000000000000e+02,0.000000000000000000e+00,0.000000000000000000e+00,0.000000000000000000e+00,0.000000000000000000e+00,0.000000000000000000e+00,0.000000000000000000e+00,0.000000000000000000e+00,0.000000000000000000e+00,0.000000000000000000e+00,0.000000000000000000e+00,0.000000000000000000e+00
2.940000000000000000e+02,0.000000000000000000e+00,0.000000000000000000e+00,0.000000000000000000e+00,0.000000000000000000e+00,0.000000000000000000e+00,0.000000000000000000e+00,0.000000000000000000e+00,0.000000000000000000e+00,0.000000000000000000e+00,0.000000000000000000e+00,0.000000000000000000e+00
2.950000000000000000e+02,0.000000000000000000e+00,0.000000000000000000e+00,0.000000000000000000e+00,0.000000000000000000e+00,0.000000000000000000e+00,0.000000000000000000e+00,0.000000000000000000e+00,0.000000000000000000e+00,0.000000000000000000e+00,0.000000000000000000e+00,0.000000000000000000e+00
2.960000000000000000e+02,0.000000000000000000e+00,0.000000000000000000e+00,0.000000000000000000e+00,0.000000000000000000e+00,0.000000000000000000e+00,0.000000000000000000e+00,0.000000000000000000e+00,0.000000000000000000e+00,0.000000000000000000e+00,0.000000000000000000e+00,0.000000000000000000e+00
2.970000000000000000e+02,0.000000000000000000e+00,0.000000000000000000e+00,0.000000000000000000e+00,0.000000000000000000e+00,0.000000000000000000e+00,0.000000000000000000e+00,0.000000000000000000e+00,0.000000000000000000e+00,0.000000000000000000e+00,0.000000000000000000e+00,0.000000000000000000e+00
2.980000000000000000e+02,0.000000000000000000e+00,0.000000000000000000e+00,0.000000000000000000e+00,0.000000000000000000e+00,0.000000000000000000e+00,0.000000000000000000e+00,0.000000000000000000e+00,0.000000000000000000e+00,0.000000000000000000e+00,0.000000000000000000e+00,0.000000000000000000e+00
2.990000000000000000e+02,0.000000000000000000e+00,0.000000000000000000e+00,0.000000000000000000e+00,0.000000000000000000e+00,0.000000000000000000e+00,0.000000000000000000e+00,0.000000000000000000e+00,0.000000000000000000e+00,0.000000000000000000e+00,0.000000000000000000e+00,0.000000000000000000e+00
