r,g_cg_AA,g_cg_AB,g_cg_BB
5.000000000000000278e-02,1.733075968272171252e-62,4.225643010958765573e-83,3.432123407528381468e-115
1.500000000000000222e-01,6.715034247717506901e-56,2.346554070104841542e-75,7.178636535757420732e-106
2.500000000000000000e-01,1.012875802666022173e-49,5.078320742602626993e-68,5.843906049175197670e-97
3.500000000000000333e-01,5.858967577419710634e-44,4.220107330150658774e-61,1.823861110902105006e-88
4.500000000000000111e-01,1.287297353467881521e-38,1.334007864643538682e-54,2.161142949258427905e-80
5.500000000000000444e-01,1.067486985498848395e-33,1.594114183235763833e-48,9.658290179852785319e-73
6.500000000000001332e-01,3.326985424472236712e-29,7.170931816188890175e-43,1.620310964725594307e-65
7.500000000000000000e-01,3.888027640225137556e-25,1.210875994388513658e-37,1.016911805867638594e-58
8.500000000000000888e-01,1.703700885432501090e-21,7.661802280142176308e-33,2.381457882337042521e-52
9.499999999999999556e-01,2.811176090175162585e-18,1.815283437852055970e-28,2.077064954731641321e-46
1.050000000000000044e+00,1.770788987530762727e-15,1.611260330473537929e-24,6.737703274289234019e-41
1.150000000000000133e+00,4.409656266554745534e-13,5.372627538488713041e-21,8.121950744099263933e-36
1.250000000000000000e+00,4.681519605840456581e-11,6.781092035463475541e-18,3.637452876907063217e-31
1.350000000000000089e+00,2.399713239875262960e-09,3.301338370040396399e-15,6.056725962048262897e-27
1.450000000000000178e+00,6.794363131076238679e-08,6.476522634458578725e-13,3.758950684209929152e-23
1.550000000000000044e+00,1.167245374533196944e-06,5.588615276316049291e-11,8.749587824909777374e-20
1.650000000000000133e+00,1.287442139311650592e-05,2.417916205813845852e-09,7.749939520668306100e-17
1.750000000000000000e+00,9.553332118351250666e-05,5.953934050904670130e-08,2.698505413536533903e-14
1.850000000000000089e+00,5.059073661628124118e-04,9.083160048239797611e-07,3.949440605319427393e-12
1.950000000000000178e+00,2.056315823167280399e-03,9.100857580542526552e-06,2.719849249950735129e-10
2.049999999999999822e+00,6.893935871706847671e-03,6.384031113167612623e-05,1.008122375459451062e-08
2.150000000000000355e+00,1.994528954838580004e-02,3.401562440269063079e-04,2.236985365431352419e-07
2.250000000000000000e+00,5.040725138258099480e-02,1.480879176524182040e-03,3.175700127120942831e-06
2.350000000000000533e+00,1.114399161836369390e-01,5.437621006683215734e-03,3.015737912212727661e-05
2.450000000000000178e+00,2.170679442457901231e-01,1.685050116828620478e-02,2.002339963187374375e-04
2.549999999999999822e+00,3.763275177389283632e-01,4.423383016963262221e-02,9.828968966486217006e-04
2.650000000000000355e+00,5.863100578362249182e-01,1.000257203988064725e-01,3.805251321850933437e-03
2.750000000000000000e+00,8.291942236998787186e-01,1.986900245456716396e-01,1.226396878866051199e-02
2.850000000000000533e+00,1.074653316066312314e+00,3.516367039182116683e-01,3.375804204108429074e-02
2.950000000000000178e+00,1.286365672006835936e+00,5.601153724355225627e-01,7.995813338652212054e-02
3.049999999999999822e+00,1.433663549474207821e+00,8.106137824921528789e-01,1.647343229300915479e-01
3.150000000000000355e+00,1.504740513043743233e+00,1.074773726133487095e+00,3.007538658419591782e-01
3.250000000000000000e+00,1.510806283352403856e+00,1.314731368401132805e+00,4.947121565211446415e-01
3.350000000000000533e+00,1.473815930911571037e+00,1.495341511815713620e+00,7.389869947439626774e-01
3.450000000000000178e+00,1.410874025005524501e+00,1.597680380792496191e+00,1.005579036715386732e+00
3.549999999999999822e+00,1.333135041976316604e+00,1.623146883021609366e+00,1.255383436807830932e+00
3.650000000000000355e+00,1.250344831289565306e+00,1.587102111506573987e+00,1.456712991323172890e+00
3.750000000000000000e+00,1.170499047407447479e+00,1.511977504282747464e+00,1.590686932536927944e+00
3.850000000000000533e+00,1.100621152341439757e+00,1.420728283859769903e+00,1.648815460038080882e+00
3.950000000000000178e+00,1.045296532133211498e+00,1.329377682551409645e+00,1.637732777521440752e+00
4.050000000000000711e+00,1.003322447701101350e+00,1.244469907835730638e+00,1.578775332804696285e+00
4.150000000000000355e+00,9.726189679113976805e-01,1.167497155635519590e+00,1.492871508481566689e+00
4.250000000000000000e+00,9.539452550730393998e-01,1.101175857588838181e+00,1.392511539765692419e+00
4.349999999999999645e+00,9.457838397915974138e-01,1.049291451263200781e+00,1.290072804760322045e+00
4.450000000000000178e+00,9.428078342986441207e-01,1.011346898108834935e+00,1.199011696329751242e+00
4.550000000000000711e+00,9.421577138480368152e-01,9.828485319863667913e-01,1.124946220329835711e+00
4.650000000000000355e+00,9.464280580387857134e-01,9.616352217279171555e-01,1.066215632302499827e+00
4.750000000000000000e+00,9.583185325825340772e-01,9.487614180670832509e-01,1.021278842265551212e+00
4.850000000000000533e+00,9.751867161615184187e-01,9.440507464041871799e-01,9.888894579059661627e-01
4.950000000000000178e+00,9.906655868403497767e-01,9.462421742317626006e-01,9.664768076761177662e-01
5.050000000000000711e+00,1.001406846417619345e+00,9.543539816419789323e-01,9.521246132890219815e-01
5.150000000000000355e+00,1.009549376534401244e+00,9.657033501517544583e-01,9.452817672216613509e-01
5.250000000000000000e+00,1.018602317140677060e+00,9.774968571185518318e-01,9.462483726269546036e-01
5.350000000000000533e+00,1.029547733214869476e+00,9.901500046260534038e-01,9.554330596342923698e-01
5.450000000000000178e+00,1.040807262249906717e+00,1.005060092135455996e+00,9.710724384443645274e-01
5.550000000000000711e+00,1.050161948415135882e+00,1.021080247204410707e+00,9.894521399463500622e-01
5.650000000000000355e+00,1.056566293536856715e+00,1.035071990705338507e+00,1.008304098065218035e+00
5.750000000000000000e+00,1.059584315673514965e+00,1.045152441342580563e+00,1.027356859985248949e+00
5.850000000000000533e+00,1.058336918396744597e+00,1.052046723064043565e+00,1.046096979245147551e+00
5.950000000000000178e+00,1.053828212651023444e+00,1.056448113103424902e+00,1.063035494538199899e+00
6.050000000000000711e+00,1.048512114513204363e+00,1.057401058056167242e+00,1.076282732430177802e+00
6.150000000000000355e+00,1.042633843450085473e+00,1.055022277428625976e+00,1.084562439705416992e+00
6.250000000000000000e+00,1.035708363949776611e+00,1.051725687809530907e+00,1.088431837000030544e+00
6.350000000000000533e+00,1.029043375334045329e+00,1.049042685053784396e+00,1.088763076733024748e+00
6.450000000000000178e+00,1.023809295197795732e+00,1.046099215773365287e+00,1.084953073766683040e+00
6.550000000000000711e+00,1.019610498534301524e+00,1.042240695114391436e+00,1.077230701229459964e+00
6.650000000000000355e+00,1.015977503917897540e+00,1.037709257810140784e+00,1.067651162541340959e+00
6.750000000000000000e+00,1.013319445469820002e+00,1.032727688568469082e+00,1.057884192588942174e+00
6.850000000000000533e+00,1.012000534729180945e+00,1.028045687545835252e+00,1.048812589339153778e+00
6.950000000000000178e+00,1.011756569979527010e+00,1.024051647413299015e+00,1.041108270575432426e+00
7.050000000000000711e+00,1.012428446447818597e+00,1.020265617775750755e+00,1.034942616182545461e+00
7.150000000000000355e+00,1.013965100512604689e+00,1.017192744252418235e+00,1.029817331000728142e+00
7.250000000000000000e+00,1.015238513529238995e+00,1.015929789275272110e+00,1.024765412372304896e+00
7.350000000000000533e+00,1.014632545807504505e+00,1.015855235507944654e+00,1.019618905285443633e+00
7.450000000000000178e+00,1.012540222804108936e+00,1.015592612393989569e+00,1.015384112743249911e+00
7.550000000000000711e+00,1.011297759786810246e+00,1.015064538871649935e+00,1.012352013552560770e+00
7.650000000000000355e+00,1.011704794646492545e+00,1.014854687644186848e+00,1.009507058751117681e+00
7.750000000000000000e+00,1.012759692914998677e+00,1.015159243893760443e+00,1.007114672607606121e+00
7.850000000000000533e+00,1.014156530847572180e+00,1.015815904136103009e+00,1.006593830928431244e+00
7.950000000000000178e+00,1.016132119334903994e+00,1.016304498857276473e+00,1.007839823713256422e+00
8.050000000000000711e+00,1.017916922192731999e+00,1.016301715317235566e+00,1.010398866042172550e+00
8.150000000000000355e+00,1.018666106845282471e+00,1.016144468669872625e+00,1.013962094029243755e+00
8.250000000000000000e+00,1.018742155634719371e+00,1.016077052616506382e+00,1.016093207741852744e+00
8.350000000000001421e+00,1.018484987629835858e+00,1.016090505069757288e+00,1.014068734781611525e+00
8.449999999999999289e+00,1.017811005061755703e+00,1.016292999712709033e+00,1.009246042721291037e+00
8.550000000000000711e+00,1.017059082307938178e+00,1.016765445106493804e+00,1.005697497100707327e+00
8.650000000000000355e+00,1.016410645412483937e+00,1.017493107308196310e+00,1.005290074827836166e+00
8.750000000000000000e+00,1.015537218974784661e+00,1.018029748533023415e+00,1.006827326290021363e+00
8.850000000000001421e+00,1.014299533317634117e+00,1.017814899742611745e+00,1.008663160875338471e+00
8.949999999999999289e+00,1.012931140199464952e+00,1.017223611996534327e+00,1.010157610531353889e+00
9.050000000000000711e+00,1.012206482479736325e+00,1.016564078200387744e+00,1.011089928490735534e+00
9.150000000000000355e+00,1.013057350877907048e+00,1.015423547495649448e+00,1.011392117796986234e+00
9.250000000000000000e+00,1.015000226957514240e+00,1.014359885233895753e+00,1.011606281770154769e+00
9.350000000000001421e+00,1.016140073844985947e+00,1.014477148210651158e+00,1.012150081028406312e+00
9.449999999999999289e+00,1.015578546957904837e+00,1.015360161278183737e+00,1.012380958089105665e+00
9.550000000000000711e+00,1.014230856182228857e+00,1.015676234431499569e+00,1.011349762471354552e+00
9.650000000000002132e+00,1.013083322271901343e+00,1.014987548747241286e+00,1.009144761964375414e+00
9.750000000000000000e+00,1.012011379066398709e+00,1.013927853154565240e+00,1.006698517334207343e+00
9.850000000000001421e+00,1.010627786335280609e+00,1.013439431701230298e+00,1.004909157111847362e+00
9.949999999999999289e+00,1.009448368098188720e+00,1.013600111169469020e+00,1.004194821931473358e+00
