r,gle_g_AA,gle_g_BB,gle_g_AB,time_ps,gle_vacf
5.000000000000e-02,0.000000000000e+00,0.000000000000e+00,0.000000000000e+00,0.000000000000e+00,1.000000000000e+00
1.500000000000e-01,0.000000000000e+00,0.000000000000e+00,0.000000000000e+00,1.022741414175e-01,9.997632535911e-01
2.500000000000e-01,0.000000000000e+00,0.000000000000e+00,0.000000000000e+00,2.045482828350e-01,9.990776477002e-01
3.500000000000e-01,0.000000000000e+00,0.000000000000e+00,0.000000000000e+00,3.068224242526e-01,9.979691880755e-01
4.500000000000e-01,0.000000000000e+00,0.000000000000e+00,0.000000000000e+00,4.090965656701e-01,9.964632828083e-01
5.500000000000e-01,0.000000000000e+00,0.000000000000e+00,0.000000000000e+00,5.113707070876e-01,9.945850516059e-01
6.500000000000e-01,0.000000000000e+00,0.000000000000e+00,0.000000000000e+00,6.136448485051e-01,9.923591654463e-01
7.500000000000e-01,0.000000000000e+00,0.000000000000e+00,0.000000000000e+00,7.159189899226e-01,9.898096454988e-01
8.500000000000e-01,0.000000000000e+00,0.000000000000e+00,0.000000000000e+00,8.181931313402e-01,9.869597530477e-01
9.500000000000e-01,0.000000000000e+00,0.000000000000e+00,0.000000000000e+00,9.204672727577e-01,9.838318473661e-01
1.050000000000e+00,0.000000000000e+00,0.000000000000e+00,0.000000000000e+00,1.022741414175e+00,9.804473948816e-01
1.150000000000e+00,0.000000000000e+00,0.000000000000e+00,0.000000000000e+00,1.125015555593e+00,9.768267468433e-01
1.250000000000e+00,0.000000000000e+00,0.000000000000e+00,0.000000000000e+00,1.227289697010e+00,9.729891207475e-01
1.350000000000e+00,0.000000000000e+00,0.000000000000e+00,0.000000000000e+00,1.329563838428e+00,9.689525683012e-01
1.450000000000e+00,0.000000000000e+00,0.000000000000e+00,0.000000000000e+00,1.431837979845e+00,9.647339766744e-01
1.550000000000e+00,6.053070782142e-07,0.000000000000e+00,0.000000000000e+00,1.534112121263e+00,9.603491251771e-01
1.650000000000e+00,2.786225444313e-05,0.000000000000e+00,0.000000000000e+00,1.636386262680e+00,9.558126762843e-01
1.750000000000e+00,5.190945465370e-04,0.000000000000e+00,0.000000000000e+00,1.738660404098e+00,9.511382382912e-01
1.850000000000e+00,4.801773273097e-03,0.000000000000e+00,0.000000000000e+00,1.840934545515e+00,9.463384925513e-01
1.950000000000e+00,2.320692171723e-02,0.000000000000e+00,0.000000000000e+00,1.943208686933e+00,9.414252172813e-01
2.050000000000e+00,6.412559828153e-02,0.000000000000e+00,3.334321107817e-06,2.045482828350e+00,9.364093138816e-01
2.150000000000e+00,1.233448613944e-01,1.170734443774e-06,1.166918664467e-04,2.147756969768e+00,9.313009080391e-01
2.250000000000e+00,2.098670852063e-01,4.202156382643e-05,1.574532765717e-03,2.250031111185e+00,9.261094234244e-01
2.350000000000e+00,3.515506466477e-01,5.869316048402e-04,9.323052436067e-03,2.352305252603e+00,9.208436085282e-01
2.450000000000e+00,5.603449783801e-01,3.679805094765e-03,3.166091643868e-02,2.454579394020e+00,9.155115289740e-01
2.550000000000e+00,8.193474928330e-01,1.292061284879e-02,8.570886097768e-02,2.556853535438e+00,9.101206527855e-01
2.650000000000e+00,1.074471304471e+00,3.440950401082e-02,1.976567905583e-01,2.659127676856e+00,9.046778819278e-01
2.750000000000e+00,1.270028208332e+00,8.359772292427e-02,3.728031192870e-01,2.761401818273e+00,8.991896651439e-01
2.850000000000e+00,1.395580938604e+00,1.722754528396e-01,6.082852964850e-01,2.863675959691e+00,8.936619743421e-01
2.950000000000e+00,1.458255687517e+00,2.865245160627e-01,8.692894132373e-01,2.965950101108e+00,8.881003677339e-01
3.050000000000e+00,1.465008961592e+00,4.200091755294e-01,1.068210927040e+00,3.068224242526e+00,8.825099828021e-01
3.150000000000e+00,1.445960688660e+00,6.043240967899e-01,1.213511570092e+00,3.170498383943e+00,8.768955170463e-01
3.250000000000e+00,1.419307791052e+00,8.465181404651e-01,1.334278513958e+00,3.272772525361e+00,8.712613996538e-01
3.350000000000e+00,1.356760703467e+00,1.075702620955e+00,1.354057874238e+00,3.375046666778e+00,8.656117474323e-01
3.450000000000e+00,1.268553158777e+00,1.245350381774e+00,1.296822147134e+00,3.477320808196e+00,8.599503430980e-01
3.550000000000e+00,1.223993367606e+00,1.377872319126e+00,1.281635149366e+00,3.579594949613e+00,8.542806712692e-01
3.650000000000e+00,1.233986091406e+00,1.477856125790e+00,1.258255341076e+00,3.681869091031e+00,8.486060054770e-01
3.750000000000e+00,1.229614689758e+00,1.518081279974e+00,1.171372380774e+00,3.784143232448e+00,8.429293500783e-01
3.850000000000e+00,1.204530854424e+00,1.478848776361e+00,1.075822812444e+00,3.886417373866e+00,8.372535550722e-01
3.950000000000e+00,1.177734643352e+00,1.401126258042e+00,1.032908910687e+00,3.988691515283e+00,8.315812096375e-01
4.050000000000e+00,1.147853605702e+00,1.343103912514e+00,1.033173174882e+00,4.090965656701e+00,8.259147353262e-01
4.150000000000e+00,1.112081460878e+00,1.296911006611e+00,1.047631760128e+00,4.193239798118e+00,8.202564145194e-01
4.250000000000e+00,1.094439331629e+00,1.241132579727e+00,1.050769975828e+00,4.295513939536e+00,8.146083826819e-01
4.350000000000e+00,1.107391438559e+00,1.194045896807e+00,1.025291135047e+00,4.397788080953e+00,8.089726470921e-01
4.450000000000e+00,1.135557048554e+00,1.158734969439e+00,9.989804724655e-01,4.500062222371e+00,8.033511141918e-01
4.550000000000e+00,1.164414204595e+00,1.117575336612e+00,1.003417134828e+00,4.602336363788e+00,7.977455514425e-01
4.650000000000e+00,1.186387015871e+00,1.072703857692e+00,1.024788716422e+00,4.704610505206e+00,7.921576400424e-01
4.750000000000e+00,1.179215992427e+00,1.035979477724e+00,1.029742691463e+00,4.806884646623e+00,7.865889280895e-01
4.850000000000e+00,1.155747845620e+00,1.010950370675e+00,1.011294119772e+00,4.909158788041e+00,7.810408532108e-01
4.950000000000e+00,1.138314833700e+00,1.003911348695e+00,9.971469081476e-01,5.011432929458e+00,7.755147547441e-01
5.050000000000e+00,1.131017754217e+00,1.011474538835e+00,1.010614410328e+00,5.113707070876e+00,7.700120116992e-01
5.150000000000e+00,1.124363473558e+00,1.007796708948e+00,1.042490430167e+00,5.215981212293e+00,7.645338950216e-01
5.250000000000e+00,1.113599962242e+00,9.835973963436e-01,1.057244552952e+00,5.318255353711e+00,7.590816025592e-01
5.350000000000e+00,1.120196004742e+00,9.641278179397e-01,1.041086280944e+00,5.420529495129e+00,7.536562377877e-01
5.450000000000e+00,1.138242712951e+00,9.709688356169e-01,1.007008158969e+00,5.522803636546e+00,7.482587937320e-01
5.550000000000e+00,1.147273523076e+00,9.972544338339e-01,9.832684636710e-01,5.625077777964e+00,7.428902277511e-01
5.650000000000e+00,1.163159877157e+00,1.008278585690e+00,9.859920029031e-01,5.727351919381e+00,7.375514594003e-01
5.750000000000e+00,1.168922076474e+00,1.007283597025e+00,9.938938391341e-01,5.829626060799e+00,7.322432788943e-01
5.850000000000e+00,1.153908466974e+00,1.007718138420e+00,9.904763226124e-01,5.931900202216e+00,7.269664882229e-01
5.950000000000e+00,1.132643762384e+00,1.010899764690e+00,9.898302243096e-01,6.034174343634e+00,7.217218046286e-01
6.050000000000e+00,1.108368734895e+00,1.019511287515e+00,9.721035147872e-01,6.136448485051e+00,7.165099277284e-01
6.150000000000e+00,1.092957237873e+00,1.027039316866e+00,9.518461644876e-01,6.238722626469e+00,7.113314750269e-01
6.250000000000e+00,1.094499958493e+00,1.023057451617e+00,9.716723323327e-01,6.340996767886e+00,7.061870570738e-01
6.350000000000e+00,1.085602693643e+00,1.003522246391e+00,1.004955137518e+00,6.443270909304e+00,7.010772112968e-01
6.450000000000e+00,1.058288590999e+00,9.831256577192e-01,1.018201331381e+00,6.545545050721e+00,6.960023308232e-01
6.550000000000e+00,1.037318142269e+00,9.875791698794e-01,1.015583466384e+00,6.647819192139e+00,6.909627661270e-01
6.650000000000e+00,1.032039662264e+00,1.005297147632e+00,1.012074140419e+00,6.750093333556e+00,6.859587804786e-01
6.750000000000e+00,1.035236942436e+00,1.011356765025e+00,1.000622862411e+00,6.852367474974e+00,6.809906023907e-01
6.850000000000e+00,1.036706706869e+00,9.971711024319e-01,9.893276676140e-01,6.954641616391e+00,6.760583645142e-01
6.950000000000e+00,1.032556540500e+00,9.797716113558e-01,9.884596006937e-01,7.056915757809e+00,6.711621964190e-01
7.050000000000e+00,1.031759465606e+00,9.776946771729e-01,9.945820230087e-01,7.159189899226e+00,6.663022399544e-01
7.150000000000e+00,1.031571366851e+00,9.767953420567e-01,9.984642575269e-01,7.261464040644e+00,6.614785806097e-01
7.250000000000e+00,1.024987905702e+00,9.717989947107e-01,9.958096097179e-01,7.363738182061e+00,6.566912821510e-01
7.350000000000e+00,1.018918158101e+00,9.671596941844e-01,9.875950397184e-01,7.466012323479e+00,6.519403421681e-01
7.450000000000e+00,1.017468988548e+00,9.579613402520e-01,9.788873170513e-01,7.568286464896e+00,6.472256611119e-01
7.550000000000e+00,1.012932223046e+00,9.518389157476e-01,9.694618212023e-01,7.670560606314e+00,6.425471613284e-01
7.650000000000e+00,1.009072858872e+00,9.677538832770e-01,9.578548249711e-01,7.772834747731e+00,6.379048033661e-01
7.750000000000e+00,1.011118075370e+00,9.957188245073e-01,9.656618453779e-01,7.875108889149e+00,6.332984839444e-01
7.850000000000e+00,1.012623912810e+00,1.008691827994e+00,9.913322080430e-01,7.977383030567e+00,6.287281189624e-01
7.950000000000e+00,1.010270109234e+00,1.008603497768e+00,1.009662378658e+00,8.079657171984e+00,6.241936045606e-01
8.050000000000e+00,1.013729714739e+00,1.007951313048e+00,1.021843235425e+00,8.181931313402e+00,6.196948554184e-01
8.150000000000e+00,1.019061916060e+00,1.009487137491e+00,1.037423777414e+00,8.284205454819e+00,6.152317647840e-01
8.250000000000e+00,1.019989554572e+00,1.006958774839e+00,1.047219617426e+00,8.386479596237e+00,6.108042672992e-01
8.350000000000e+00,1.016859107308e+00,1.001438532720e+00,1.051431050264e+00,8.488753737654e+00,6.064122506209e-01
8.450000000000e+00,1.008814960022e+00,9.955731179176e-01,1.051004671928e+00,8.591027879072e+00,6.020556486519e-01
8.550000000000e+00,1.002561912900e+00,9.917347051600e-01,1.039667862374e+00,8.693302020489e+00,5.977343701806e-01
8.650000000000e+00,1.003405654567e+00,9.924312956838e-01,1.033318640538e+00,8.795576161907e+00,5.934483039946e-01
8.750000000000e+00,1.005840011073e+00,1.003272608710e+00,1.031497856908e+00,8.897850303324e+00,5.891972384600e-01
8.850000000000e+00,1.005940857726e+00,1.017184625981e+00,1.007799918122e+00,9.000124444742e+00,5.849810356204e-01
8.950000000000e+00,1.001842396486e+00,1.017849754650e+00,9.628641356556e-01,9.102398586159e+00,5.807995814077e-01
9.050000000000e+00,9.959413925880e-01,1.007495293255e+00,9.367661804781e-01,9.204672727577e+00,5.766527015174e-01
9.150000000000e+00,9.947823750738e-01,1.005591959368e+00,9.452363018005e-01,9.306946868994e+00,5.725402996581e-01
9.250000000000e+00,9.958981997200e-01,1.011683584345e+00,9.618336760281e-01,9.409221010412e+00,5.684623038671e-01
9.350000000000e+00,9.958557258361e-01,1.007460598488e+00,9.765028707001e-01,9.511495151829e+00,5.644186173304e-01
9.450000000000e+00,9.939917186518e-01,9.964861553531e-01,9.853835891406e-01,9.613769293247e+00,5.604091247964e-01
9.550000000000e+00,9.906324411364e-01,9.905877024081e-01,9.826751180200e-01,9.716043434664e+00,5.564337649291e-01
9.650000000000e+00,9.840019231912e-01,9.868280885493e-01,9.828339670589e-01,9.818317576082e+00,5.524925067762e-01
9.750000000000e+00,9.803965681006e-01,9.820003671324e-01,9.855721853162e-01,9.920591717499e+00,5.485852949425e-01
9.850000000000e+00,9.837943779288e-01,9.827547944580e-01,9.814763071573e-01,1.002286585892e+01,5.447120389628e-01
9.950000000000e+00,9.866591923213e-01,9.852295904447e-01,9.776490382450e-01,1.012514000033e+01,5.408726172241e-01
nan,nan,nan,nan,1.022741414175e+01,5.370669024644e-01
nan,nan,nan,nan,1.032968828317e+01,5.332947505000e-01
nan,nan,nan,nan,1.043196242459e+01,5.295560918476e-01
nan,nan,nan,nan,1.053423656600e+01,5.258507652709e-01
nan,nan,nan,nan,1.063651070742e+01,5.221785722926e-01
nan,nan,nan,nan,1.073878484884e+01,5.185392996612e-01
nan,nan,nan,nan,1.084105899026e+01,5.149327312298e-01
nan,nan,nan,nan,1.094333313167e+01,5.113586458360e-01
nan,nan,nan,nan,1.104560727309e+01,5.078167989916e-01
nan,nan,nan,nan,1.114788141451e+01,5.043069417087e-01
nan,nan,nan,nan,1.125015555593e+01,5.008288236736e-01
nan,nan,nan,nan,1.135242969734e+01,4.973822052802e-01
nan,nan,nan,nan,1.145470383876e+01,4.939668765979e-01
nan,nan,nan,nan,1.155697798018e+01,4.905825966637e-01
nan,nan,nan,nan,1.165925212160e+01,4.872291750120e-01
nan,nan,nan,nan,1.176152626301e+01,4.839063647131e-01
nan,nan,nan,nan,1.186380040443e+01,4.806138991386e-01
nan,nan,nan,nan,1.196607454585e+01,4.773515219935e-01
nan,nan,nan,nan,1.206834868727e+01,4.741189635559e-01
nan,nan,nan,nan,1.217062282868e+01,4.709159017848e-01
nan,nan,nan,nan,1.227289697010e+01,4.677420648324e-01
nan,nan,nan,nan,1.237517111152e+01,4.645972282658e-01
nan,nan,nan,nan,1.247744525294e+01,4.614811873483e-01
nan,nan,nan,nan,1.257971939435e+01,4.583936940147e-01
nan,nan,nan,nan,1.268199353577e+01,4.553345092294e-01
nan,nan,nan,nan,1.278426767719e+01,4.523033177646e-01
nan,nan,nan,nan,1.288654181861e+01,4.492998083174e-01
nan,nan,nan,nan,1.298881596002e+01,4.463236609676e-01
nan,nan,nan,nan,1.309109010144e+01,4.433745345818e-01
nan,nan,nan,nan,1.319336424286e+01,4.404520965840e-01
nan,nan,nan,nan,1.329563838428e+01,4.375560763246e-01
nan,nan,nan,nan,1.339791252570e+01,4.346861828260e-01
nan,nan,nan,nan,1.350018666711e+01,4.318421542277e-01
nan,nan,nan,nan,1.360246080853e+01,4.290236588420e-01
nan,nan,nan,nan,1.370473494995e+01,4.262303576964e-01
nan,nan,nan,nan,1.380700909137e+01,4.234619517684e-01
nan,nan,nan,nan,1.390928323278e+01,4.207181358995e-01
nan,nan,nan,nan,1.401155737420e+01,4.179986508539e-01
nan,nan,nan,nan,1.411383151562e+01,4.153032952046e-01
nan,nan,nan,nan,1.421610565704e+01,4.126318422272e-01
nan,nan,nan,nan,1.431837979845e+01,4.099840232705e-01
nan,nan,nan,nan,1.442065393987e+01,4.073596050684e-01
nan,nan,nan,nan,1.452292808129e+01,4.047583737645e-01
nan,nan,nan,nan,1.462520222271e+01,4.021800739037e-01
nan,nan,nan,nan,1.472747636412e+01,3.996244808081e-01
nan,nan,nan,nan,1.482975050554e+01,3.970914274453e-01
nan,nan,nan,nan,1.493202464696e+01,3.945806587310e-01
nan,nan,nan,nan,1.503429878838e+01,3.920919265964e-01
nan,nan,nan,nan,1.513657292979e+01,3.896249760419e-01
nan,nan,nan,nan,1.523884707121e+01,3.871796428251e-01
nan,nan,nan,nan,1.534112121263e+01,3.847557143014e-01
nan,nan,nan,nan,1.544339535405e+01,3.823529950715e-01
nan,nan,nan,nan,1.554566949546e+01,3.799713314604e-01
nan,nan,nan,nan,1.564794363688e+01,3.776105238582e-01
nan,nan,nan,nan,1.575021777830e+01,3.752704796856e-01
nan,nan,nan,nan,1.585249191972e+01,3.729510116977e-01
nan,nan,nan,nan,1.595476606113e+01,3.706519543480e-01
nan,nan,nan,nan,1.605704020255e+01,3.683731030462e-01
nan,nan,nan,nan,1.615931434397e+01,3.661142184356e-01
nan,nan,nan,nan,1.626158848539e+01,3.638750656606e-01
nan,nan,nan,nan,1.636386262680e+01,3.616553260850e-01
nan,nan,nan,nan,1.646613676822e+01,3.594547244348e-01
nan,nan,nan,nan,1.656841090964e+01,3.572730287628e-01
nan,nan,nan,nan,1.667068505106e+01,3.551099758862e-01
nan,nan,nan,nan,1.677295919247e+01,3.529653481082e-01
nan,nan,nan,nan,1.687523333389e+01,3.508389786658e-01
nan,nan,nan,nan,1.697750747531e+01,3.487306797248e-01
nan,nan,nan,nan,1.707978161673e+01,3.466402240395e-01
nan,nan,nan,nan,1.718205575814e+01,3.445674249404e-01
nan,nan,nan,nan,1.728432989956e+01,3.425120927214e-01
nan,nan,nan,nan,1.738660404098e+01,3.404740791537e-01
nan,nan,nan,nan,1.748887818240e+01,3.384531361797e-01
nan,nan,nan,nan,1.759115232381e+01,3.364490459687e-01
nan,nan,nan,nan,1.769342646523e+01,3.344616341037e-01
nan,nan,nan,nan,1.779570060665e+01,3.324907619795e-01
nan,nan,nan,nan,1.789797474807e+01,3.305361648026e-01
nan,nan,nan,nan,1.800024888948e+01,3.285975506840e-01
nan,nan,nan,nan,1.810252303090e+01,3.266746747580e-01
nan,nan,nan,nan,1.820479717232e+01,3.247673154555e-01
nan,nan,nan,nan,1.830707131374e+01,3.228752914276e-01
nan,nan,nan,nan,1.840934545515e+01,3.209983397656e-01
nan,nan,nan,nan,1.851161959657e+01,3.191362220771e-01
nan,nan,nan,nan,1.861389373799e+01,3.172887087501e-01
nan,nan,nan,nan,1.871616787941e+01,3.154556043619e-01
nan,nan,nan,nan,1.881844202082e+01,3.136367235059e-01
nan,nan,nan,nan,1.892071616224e+01,3.118318876940e-01
nan,nan,nan,nan,1.902299030366e+01,3.100408850626e-01
nan,nan,nan,nan,1.912526444508e+01,3.082634700077e-01
nan,nan,nan,nan,1.922753858649e+01,3.064993914664e-01
nan,nan,nan,nan,1.932981272791e+01,3.047483658043e-01
nan,nan,nan,nan,1.943208686933e+01,3.030101109615e-01
nan,nan,nan,nan,1.953436101075e+01,3.012842700818e-01
nan,nan,nan,nan,1.963663515216e+01,2.995704458363e-01
nan,nan,nan,nan,1.973890929358e+01,2.978682327465e-01
nan,nan,nan,nan,1.984118343500e+01,2.961771665437e-01
nan,nan,nan,nan,1.994345757642e+01,2.944967055919e-01
nan,nan,nan,nan,2.004573171783e+01,2.928263601000e-01
nan,nan,nan,nan,2.014800585925e+01,2.911656507465e-01
nan,nan,nan,nan,2.025028000067e+01,2.895141853239e-01
nan,nan,nan,nan,2.035255414209e+01,2.878716288376e-01
nan,nan,nan,nan,2.045482828350e+01,2.862377828194e-01
nan,nan,nan,nan,2.055710242492e+01,2.846129114308e-01
nan,nan,nan,nan,2.065937656634e+01,2.829970793878e-01
nan,nan,nan,nan,2.076165070776e+01,2.813901979534e-01
nan,nan,nan,nan,2.086392484917e+01,2.797920560025e-01
nan,nan,nan,nan,2.096619899059e+01,2.782024999846e-01
nan,nan,nan,nan,2.106847313201e+01,2.766213850517e-01
nan,nan,nan,nan,2.117074727343e+01,2.750485756370e-01
nan,nan,nan,nan,2.127302141484e+01,2.734839500637e-01
nan,nan,nan,nan,2.137529555626e+01,2.719273800403e-01
nan,nan,nan,nan,2.147756969768e+01,2.703788092472e-01
nan,nan,nan,nan,2.157984383910e+01,2.688381974364e-01
nan,nan,nan,nan,2.168211798051e+01,2.673054508036e-01
nan,nan,nan,nan,2.178439212193e+01,2.657805043916e-01
nan,nan,nan,nan,2.188666626335e+01,2.642632996951e-01
nan,nan,nan,nan,2.198894040477e+01,2.627537167015e-01
nan,nan,nan,nan,2.209121454618e+01,2.612516950169e-01
nan,nan,nan,nan,2.219348868760e+01,2.597571750365e-01
nan,nan,nan,nan,2.229576282902e+01,2.582701142078e-01
nan,nan,nan,nan,2.239803697044e+01,2.567904687974e-01
nan,nan,nan,nan,2.250031111185e+01,2.553181437213e-01
nan,nan,nan,nan,2.260258525327e+01,2.538530489192e-01
nan,nan,nan,nan,2.270485939469e+01,2.523951102085e-01
nan,nan,nan,nan,2.280713353611e+01,2.509442589084e-01
nan,nan,nan,nan,2.290940767752e+01,2.495004450581e-01
nan,nan,nan,nan,2.301168181894e+01,2.480636405589e-01
nan,nan,nan,nan,2.311395596036e+01,2.466338369420e-01
nan,nan,nan,nan,2.321623010178e+01,2.452110033411e-01
nan,nan,nan,nan,2.331850424319e+01,2.437950437563e-01
nan,nan,nan,nan,2.342077838461e+01,2.423858956184e-01
nan,nan,nan,nan,2.352305252603e+01,2.409835658354e-01
nan,nan,nan,nan,2.362532666745e+01,2.395880048211e-01
nan,nan,nan,nan,2.372760080886e+01,2.381991978868e-01
nan,nan,nan,nan,2.382987495028e+01,2.368171529896e-01
nan,nan,nan,nan,2.393214909170e+01,2.354418739905e-01
nan,nan,nan,nan,2.403442323312e+01,2.340734272305e-01
nan,nan,nan,nan,2.413669737453e+01,2.327119510957e-01
nan,nan,nan,nan,2.423897151595e+01,2.313575100117e-01
nan,nan,nan,nan,2.434124565737e+01,2.300101394526e-01
nan,nan,nan,nan,2.444351979879e+01,2.286698331941e-01
nan,nan,nan,nan,2.454579394020e+01,2.273365633106e-01
nan,nan,nan,nan,2.464806808162e+01,2.260103222500e-01
nan,nan,nan,nan,2.475034222304e+01,2.246910049794e-01
nan,nan,nan,nan,2.485261636446e+01,2.233785877755e-01
nan,nan,nan,nan,2.495489050587e+01,2.220730373226e-01
nan,nan,nan,nan,2.505716464729e+01,2.207742945121e-01
nan,nan,nan,nan,2.515943878871e+01,2.194824091776e-01
nan,nan,nan,nan,2.526171293013e+01,2.181973631378e-01
nan,nan,nan,nan,2.536398707154e+01,2.169191122308e-01
nan,nan,nan,nan,2.546626121296e+01,2.156476837995e-01
nan,nan,nan,nan,2.556853535438e+01,2.143830456812e-01
nan,nan,nan,nan,2.567080949580e+01,2.131251249948e-01
nan,nan,nan,nan,2.577308363721e+01,2.118738588451e-01
nan,nan,nan,nan,2.587535777863e+01,2.106291689206e-01
nan,nan,nan,nan,2.597763192005e+01,2.093910328695e-01
nan,nan,nan,nan,2.607990606147e+01,2.081593498870e-01
nan,nan,nan,nan,2.618218020288e+01,2.069340286053e-01
nan,nan,nan,nan,2.628445434430e+01,2.057150824748e-01
nan,nan,nan,nan,2.638672848572e+01,2.045024764469e-01
nan,nan,nan,nan,2.648900262714e+01,2.032962096642e-01
nan,nan,nan,nan,2.659127676856e+01,2.020962269560e-01
nan,nan,nan,nan,2.669355090997e+01,2.009024802666e-01
nan,nan,nan,nan,2.679582505139e+01,1.997149629114e-01
nan,nan,nan,nan,2.689809919281e+01,1.985337123943e-01
nan,nan,nan,nan,2.700037333423e+01,1.973587215018e-01
nan,nan,nan,nan,2.710264747564e+01,1.961899288590e-01
nan,nan,nan,nan,2.720492161706e+01,1.950273153123e-01
nan,nan,nan,nan,2.730719575848e+01,1.938708391085e-01
nan,nan,nan,nan,2.740946989990e+01,1.927204747100e-01
nan,nan,nan,nan,2.751174404131e+01,1.915761772584e-01
nan,nan,nan,nan,2.761401818273e+01,1.904379280172e-01
nan,nan,nan,nan,2.771629232415e+01,1.893057093031e-01
nan,nan,nan,nan,2.781856646557e+01,1.881796006613e-01
nan,nan,nan,nan,2.792084060698e+01,1.870595763891e-01
nan,nan,nan,nan,2.802311474840e+01,1.859456308405e-01
nan,nan,nan,nan,2.812538888982e+01,1.848377846224e-01
nan,nan,nan,nan,2.822766303124e+01,1.837361001057e-01
nan,nan,nan,nan,2.832993717265e+01,1.826407064867e-01
nan,nan,nan,nan,2.843221131407e+01,1.815517041599e-01
nan,nan,nan,nan,2.853448545549e+01,1.804692250853e-01
nan,nan,nan,nan,2.863675959691e+01,1.793933019385e-01
nan,nan,nan,nan,2.873903373832e+01,1.783239678142e-01
nan,nan,nan,nan,2.884130787974e+01,1.772611962723e-01
nan,nan,nan,nan,2.894358202116e+01,1.762049172986e-01
nan,nan,nan,nan,2.904585616258e+01,1.751551576752e-01
nan,nan,nan,nan,2.914813030399e+01,1.741119381552e-01
nan,nan,nan,nan,2.925040444541e+01,1.730752258705e-01
nan,nan,nan,nan,2.935267858683e+01,1.720450019108e-01
nan,nan,nan,nan,2.945495272825e+01,1.710212557879e-01
nan,nan,nan,nan,2.955722686966e+01,1.700039593013e-01
nan,nan,nan,nan,2.965950101108e+01,1.689930685216e-01
nan,nan,nan,nan,2.976177515250e+01,1.679886396395e-01
nan,nan,nan,nan,2.986404929392e+01,1.669907065203e-01
nan,nan,nan,nan,2.996632343533e+01,1.659993440450e-01
nan,nan,nan,nan,3.006859757675e+01,1.650145697868e-01
nan,nan,nan,nan,3.017087171817e+01,1.640364453349e-01
nan,nan,nan,nan,3.027314585959e+01,1.630650124606e-01
nan,nan,nan,nan,3.037542000100e+01,1.621003078300e-01
nan,nan,nan,nan,3.047769414242e+01,1.611423381481e-01
nan,nan,nan,nan,3.057996828384e+01,1.601910483994e-01
nan,nan,nan,nan,3.068224242526e+01,1.592464405180e-01
nan,nan,nan,nan,3.078451656667e+01,1.583084469558e-01
nan,nan,nan,nan,3.088679070809e+01,1.573769952765e-01
nan,nan,nan,nan,3.098906484951e+01,1.564519905703e-01
nan,nan,nan,nan,3.109133899093e+01,1.555333231308e-01
nan,nan,nan,nan,3.119361313234e+01,1.546209270416e-01
nan,nan,nan,nan,3.129588727376e+01,1.537147369250e-01
nan,nan,nan,nan,3.139816141518e+01,1.528145738198e-01
nan,nan,nan,nan,3.150043555660e+01,1.519203503662e-01
nan,nan,nan,nan,3.160270969801e+01,1.510320070860e-01
nan,nan,nan,nan,3.170498383943e+01,1.501495176053e-01
nan,nan,nan,nan,3.180725798085e+01,1.492728478496e-01
nan,nan,nan,nan,3.190953212227e+01,1.484019757261e-01
nan,nan,nan,nan,3.201180626368e+01,1.475368684241e-01
nan,nan,nan,nan,3.211408040510e+01,1.466775129912e-01
nan,nan,nan,nan,3.221635454652e+01,1.458238897918e-01
nan,nan,nan,nan,3.231862868794e+01,1.449759213841e-01
nan,nan,nan,nan,3.242090282935e+01,1.441335641315e-01
nan,nan,nan,nan,3.252317697077e+01,1.432966812695e-01
nan,nan,nan,nan,3.262545111219e+01,1.424652176479e-01
nan,nan,nan,nan,3.272772525361e+01,1.416391887967e-01
nan,nan,nan,nan,3.282999939502e+01,1.408185432609e-01
nan,nan,nan,nan,3.293227353644e+01,1.400032690967e-01
nan,nan,nan,nan,3.303454767786e+01,1.391933599352e-01
nan,nan,nan,nan,3.313682181928e+01,1.383888232375e-01
nan,nan,nan,nan,3.323909596069e+01,1.375895278148e-01
nan,nan,nan,nan,3.334137010211e+01,1.367953844679e-01
nan,nan,nan,nan,3.344364424353e+01,1.360064206610e-01
nan,nan,nan,nan,3.354591838495e+01,1.352225696195e-01
nan,nan,nan,nan,3.364819252636e+01,1.344437124733e-01
nan,nan,nan,nan,3.375046666778e+01,1.336698178846e-01
nan,nan,nan,nan,3.385274080920e+01,1.329008040593e-01
nan,nan,nan,nan,3.395501495062e+01,1.321366002855e-01
nan,nan,nan,nan,3.405728909203e+01,1.313771381283e-01
nan,nan,nan,nan,3.415956323345e+01,1.306223995686e-01
nan,nan,nan,nan,3.426183737487e+01,1.298723453251e-01
nan,nan,nan,nan,3.436411151629e+01,1.291269176266e-01
nan,nan,nan,nan,3.446638565770e+01,1.283860918325e-01
nan,nan,nan,nan,3.456865979912e+01,1.276498359323e-01
nan,nan,nan,nan,3.467093394054e+01,1.269180605261e-01
nan,nan,nan,nan,3.477320808196e+01,1.261906593335e-01
nan,nan,nan,nan,3.487548222337e+01,1.254676520415e-01
nan,nan,nan,nan,3.497775636479e+01,1.247490559896e-01
nan,nan,nan,nan,3.508003050621e+01,1.240348833779e-01
nan,nan,nan,nan,3.518230464763e+01,1.233251026591e-01
nan,nan,nan,nan,3.528457878904e+01,1.226196848418e-01
nan,nan,nan,nan,3.538685293046e+01,1.219185986419e-01
nan,nan,nan,nan,3.548912707188e+01,1.212217665865e-01
nan,nan,nan,nan,3.559140121330e+01,1.205291732134e-01
nan,nan,nan,nan,3.569367535471e+01,1.198407391543e-01
nan,nan,nan,nan,3.579594949613e+01,1.191564424946e-01
nan,nan,nan,nan,3.589822363755e+01,1.184762227374e-01
nan,nan,nan,nan,3.600049777897e+01,1.178000703710e-01
nan,nan,nan,nan,3.610277192038e+01,1.171279140194e-01
nan,nan,nan,nan,3.620504606180e+01,1.164596472672e-01
nan,nan,nan,nan,3.630732020322e+01,1.157951953800e-01
nan,nan,nan,nan,3.640959434464e+01,1.151344723840e-01
nan,nan,nan,nan,3.651186848605e+01,1.144774869120e-01
nan,nan,nan,nan,3.661414262747e+01,1.138242439299e-01
nan,nan,nan,nan,3.671641676889e+01,1.131747342640e-01
nan,nan,nan,nan,3.681869091031e+01,1.125289986770e-01
nan,nan,nan,nan,3.692096505172e+01,1.118870126716e-01
nan,nan,nan,nan,3.702323919314e+01,1.112488077774e-01
nan,nan,nan,nan,3.712551333456e+01,1.106144500524e-01
nan,nan,nan,nan,3.722778747598e+01,1.099840174181e-01
nan,nan,nan,nan,3.733006161739e+01,1.093575934569e-01
nan,nan,nan,nan,3.743233575881e+01,1.087352281875e-01
nan,nan,nan,nan,3.753460990023e+01,1.081169644351e-01
nan,nan,nan,nan,3.763688404165e+01,1.075028386485e-01
nan,nan,nan,nan,3.773915818306e+01,1.068928631513e-01
nan,nan,nan,nan,3.784143232448e+01,1.062869675816e-01
nan,nan,nan,nan,3.794370646590e+01,1.056851024668e-01
nan,nan,nan,nan,3.804598060732e+01,1.050872822172e-01
nan,nan,nan,nan,3.814825474873e+01,1.044935236247e-01
nan,nan,nan,nan,3.825052889015e+01,1.039037915019e-01
nan,nan,nan,nan,3.835280303157e+01,1.033180101004e-01
nan,nan,nan,nan,3.845507717299e+01,1.027361050234e-01
nan,nan,nan,nan,3.855735131440e+01,1.021580235854e-01
nan,nan,nan,nan,3.865962545582e+01,1.015837115225e-01
nan,nan,nan,nan,3.876189959724e+01,1.010131178193e-01
nan,nan,nan,nan,3.886417373866e+01,1.004462015874e-01
nan,nan,nan,nan,3.896644788007e+01,9.988291935825e-02
nan,nan,nan,nan,3.906872202149e+01,9.932315876464e-02
nan,nan,nan,nan,3.917099616291e+01,9.876684761032e-02
nan,nan,nan,nan,3.927327030433e+01,9.821390706988e-02
nan,nan,nan,nan,3.937554444575e+01,9.766418356592e-02
nan,nan,nan,nan,3.947781858716e+01,9.711751715528e-02
nan,nan,nan,nan,3.958009272858e+01,9.657375196641e-02
nan,nan,nan,nan,3.968236687000e+01,9.603271032791e-02
nan,nan,nan,nan,3.978464101142e+01,9.549430682409e-02
nan,nan,nan,nan,3.988691515283e+01,9.495848600088e-02
nan,nan,nan,nan,3.998918929425e+01,9.442517593617e-02
nan,nan,nan,nan,4.009146343567e+01,9.389429923240e-02
nan,nan,nan,nan,4.019373757709e+01,9.336576807539e-02
nan,nan,nan,nan,4.029601171850e+01,9.283956685998e-02
nan,nan,nan,nan,4.039828585992e+01,9.231559482299e-02
nan,nan,nan,nan,4.050056000134e+01,9.179376745052e-02
nan,nan,nan,nan,4.060283414276e+01,9.127406788291e-02
nan,nan,nan,nan,4.070510828417e+01,9.075652030388e-02
nan,nan,nan,nan,4.080738242559e+01,9.024107304749e-02
nan,nan,nan,nan,4.090965656701e+01,8.972768183899e-02
nan,nan,nan,nan,4.101193070843e+01,8.921631276343e-02
nan,nan,nan,nan,4.111420484984e+01,8.870689901229e-02
nan,nan,nan,nan,4.121647899126e+01,8.819947920164e-02
nan,nan,nan,nan,4.131875313268e+01,8.769410830795e-02
nan,nan,nan,nan,4.142102727410e+01,8.719081926046e-02
nan,nan,nan,nan,4.152330141551e+01,8.668956107700e-02
nan,nan,nan,nan,4.162557555693e+01,8.619021542329e-02
nan,nan,nan,nan,4.172784969835e+01,8.569273159913e-02
nan,nan,nan,nan,4.183012383977e+01,8.519703257328e-02
nan,nan,nan,nan,4.193239798118e+01,8.470311757198e-02
nan,nan,nan,nan,4.203467212260e+01,8.421094068087e-02
nan,nan,nan,nan,4.213694626402e+01,8.372039964151e-02
nan,nan,nan,nan,4.223922040544e+01,8.323145079478e-02
nan,nan,nan,nan,4.234149454685e+01,8.274407394365e-02
nan,nan,nan,nan,4.244376868827e+01,8.225815354213e-02
nan,nan,nan,nan,4.254604282969e+01,8.177363925894e-02
nan,nan,nan,nan,4.264831697111e+01,8.129054182454e-02
nan,nan,nan,nan,4.275059111252e+01,8.080887049266e-02
nan,nan,nan,nan,4.285286525394e+01,8.032856043398e-02
nan,nan,nan,nan,4.295513939536e+01,7.984961814870e-02
nan,nan,nan,nan,4.305741353678e+01,7.937209421030e-02
nan,nan,nan,nan,4.315968767819e+01,7.889598869417e-02
nan,nan,nan,nan,4.326196181961e+01,7.842127121812e-02
nan,nan,nan,nan,4.336423596103e+01,7.794801781829e-02
nan,nan,nan,nan,4.346651010245e+01,7.747634607566e-02
nan,nan,nan,nan,4.356878424386e+01,7.700634090969e-02
nan,nan,nan,nan,4.367105838528e+01,7.653800990615e-02
nan,nan,nan,nan,4.377333252670e+01,7.607136443696e-02
nan,nan,nan,nan,4.387560666812e+01,7.560647547681e-02
nan,nan,nan,nan,4.397788080953e+01,7.514335570217e-02
nan,nan,nan,nan,4.408015495095e+01,7.468201438940e-02
nan,nan,nan,nan,4.418242909237e+01,7.422248541713e-02
nan,nan,nan,nan,4.428470323379e+01,7.376476534832e-02
nan,nan,nan,nan,4.438697737520e+01,7.330886634583e-02
nan,nan,nan,nan,4.448925151662e+01,7.285476185709e-02
nan,nan,nan,nan,4.459152565804e+01,7.240246903662e-02
nan,nan,nan,nan,4.469379979946e+01,7.195198637791e-02
nan,nan,nan,nan,4.479607394087e+01,7.150335000185e-02
nan,nan,nan,nan,4.489834808229e+01,7.105648417454e-02
nan,nan,nan,nan,4.500062222371e+01,7.061137153984e-02
nan,nan,nan,nan,4.510289636513e+01,7.016792203375e-02
nan,nan,nan,nan,4.520517050654e+01,6.972609295105e-02
nan,nan,nan,nan,4.530744464796e+01,6.928584716819e-02
nan,nan,nan,nan,4.540971878938e+01,6.884709226602e-02
nan,nan,nan,nan,4.551199293080e+01,6.840972245209e-02
nan,nan,nan,nan,4.561426707221e+01,6.797366863642e-02
nan,nan,nan,nan,4.571654121363e+01,6.753886024191e-02
nan,nan,nan,nan,4.581881535505e+01,6.710526259594e-02
nan,nan,nan,nan,4.592108949647e+01,6.667278071819e-02
nan,nan,nan,nan,4.602336363788e+01,6.624134502630e-02
nan,nan,nan,nan,4.612563777930e+01,6.581087982816e-02
nan,nan,nan,nan,4.622791192072e+01,6.538133982327e-02
nan,nan,nan,nan,4.633018606214e+01,6.495268673440e-02
nan,nan,nan,nan,4.643246020355e+01,6.452494421769e-02
nan,nan,nan,nan,4.653473434497e+01,6.409812615133e-02
nan,nan,nan,nan,4.663700848639e+01,6.367223684280e-02
nan,nan,nan,nan,4.673928262781e+01,6.324729119839e-02
nan,nan,nan,nan,4.684155676922e+01,6.282330630999e-02
nan,nan,nan,nan,4.694383091064e+01,6.240035977775e-02
nan,nan,nan,nan,4.704610505206e+01,6.197851742948e-02
nan,nan,nan,nan,4.714837919348e+01,6.155790990111e-02
nan,nan,nan,nan,4.725065333489e+01,6.113872261738e-02
nan,nan,nan,nan,4.735292747631e+01,6.072104976407e-02
nan,nan,nan,nan,4.745520161773e+01,6.030495471035e-02
nan,nan,nan,nan,4.755747575915e+01,5.989052718921e-02
nan,nan,nan,nan,4.765974990056e+01,5.947789907273e-02
nan,nan,nan,nan,4.776202404198e+01,5.906713166234e-02
nan,nan,nan,nan,4.786429818340e+01,5.865827040462e-02
nan,nan,nan,nan,4.796657232482e+01,5.825135156071e-02
nan,nan,nan,nan,4.806884646623e+01,5.784646293232e-02
nan,nan,nan,nan,4.817112060765e+01,5.744361083576e-02
nan,nan,nan,nan,4.827339474907e+01,5.704277819367e-02
nan,nan,nan,nan,4.837566889049e+01,5.664396543060e-02
nan,nan,nan,nan,4.847794303190e+01,5.624717343751e-02
nan,nan,nan,nan,4.858021717332e+01,5.585241977056e-02
nan,nan,nan,nan,4.868249131474e+01,5.545972430948e-02
nan,nan,nan,nan,4.878476545616e+01,5.506913855615e-02
nan,nan,nan,nan,4.888703959757e+01,5.468073178855e-02
nan,nan,nan,nan,4.898931373899e+01,5.429449071545e-02
nan,nan,nan,nan,4.909158788041e+01,5.391043100864e-02
nan,nan,nan,nan,4.919386202183e+01,5.352863409658e-02
nan,nan,nan,nan,4.929613616324e+01,5.314910766080e-02
nan,nan,nan,nan,4.939841030466e+01,5.277189692430e-02
nan,nan,nan,nan,4.950068444608e+01,5.239706187264e-02
nan,nan,nan,nan,4.960295858750e+01,5.202467516394e-02
nan,nan,nan,nan,4.970523272891e+01,5.165474827121e-02
nan,nan,nan,nan,4.980750687033e+01,5.128728481847e-02
nan,nan,nan,nan,4.990978101175e+01,5.092228953271e-02
nan,nan,nan,nan,5.001205515317e+01,5.055970188545e-02
nan,nan,nan,nan,5.011432929458e+01,5.019948092139e-02
nan,nan,nan,nan,5.021660343600e+01,4.984151184803e-02
nan,nan,nan,nan,5.031887757742e+01,4.948570699089e-02
nan,nan,nan,nan,5.042115171884e+01,4.913195201856e-02
nan,nan,nan,nan,5.052342586025e+01,4.878013552585e-02
nan,nan,nan,nan,5.062570000167e+01,4.843017611870e-02
nan,nan,nan,nan,5.072797414309e+01,4.808205441286e-02
nan,nan,nan,nan,5.083024828451e+01,4.773574290158e-02
nan,nan,nan,nan,5.093252242592e+01,4.739117289422e-02
nan,nan,nan,nan,5.103479656734e+01,4.704824590829e-02
nan,nan,nan,nan,5.113707070876e+01,4.670691543465e-02
nan,nan,nan,nan,5.123934485018e+01,4.636717544022e-02
nan,nan,nan,nan,5.134161899159e+01,4.602897454412e-02
nan,nan,nan,nan,5.144389313301e+01,4.569231715953e-02
nan,nan,nan,nan,5.154616727443e+01,4.535719227430e-02
nan,nan,nan,nan,5.164844141585e+01,4.502365657288e-02
nan,nan,nan,nan,5.175071555726e+01,4.469176044636e-02
nan,nan,nan,nan,5.185298969868e+01,4.436150587386e-02
nan,nan,nan,nan,5.195526384010e+01,4.403297680341e-02
nan,nan,nan,nan,5.205753798152e+01,4.370620019441e-02
nan,nan,nan,nan,5.215981212293e+01,4.338128194157e-02
nan,nan,nan,nan,5.226208626435e+01,4.305828132921e-02
nan,nan,nan,nan,5.236436040577e+01,4.273726785547e-02
nan,nan,nan,nan,5.246663454719e+01,4.241827367981e-02
nan,nan,nan,nan,5.256890868861e+01,4.210135619191e-02
nan,nan,nan,nan,5.267118283002e+01,4.178659853560e-02
nan,nan,nan,nan,5.277345697144e+01,4.147405713765e-02
nan,nan,nan,nan,5.287573111286e+01,4.116376644179e-02
nan,nan,nan,nan,5.297800525428e+01,4.085584107838e-02
nan,nan,nan,nan,5.308027939569e+01,4.055033637566e-02
nan,nan,nan,nan,5.318255353711e+01,4.024728489407e-02
nan,nan,nan,nan,5.328482767853e+01,3.994671542622e-02
nan,nan,nan,nan,5.338710181995e+01,3.964859855894e-02
nan,nan,nan,nan,5.348937596136e+01,3.935287944983e-02
nan,nan,nan,nan,5.359165010278e+01,3.905954115749e-02
nan,nan,nan,nan,5.369392424420e+01,3.876854951200e-02
nan,nan,nan,nan,5.379619838562e+01,3.847993381883e-02
nan,nan,nan,nan,5.389847252703e+01,3.819370530133e-02
nan,nan,nan,nan,5.400074666845e+01,3.790987155980e-02
nan,nan,nan,nan,5.410302080987e+01,3.762840557560e-02
nan,nan,nan,nan,5.420529495129e+01,3.734934298665e-02
nan,nan,nan,nan,5.430756909270e+01,3.707263967755e-02
nan,nan,nan,nan,5.440984323412e+01,3.679821945025e-02
nan,nan,nan,nan,5.451211737554e+01,3.652599479676e-02
nan,nan,nan,nan,5.461439151696e+01,3.625586992865e-02
nan,nan,nan,nan,5.471666565837e+01,3.598777605152e-02
nan,nan,nan,nan,5.481893979979e+01,3.572167235390e-02
nan,nan,nan,nan,5.492121394121e+01,3.545748141998e-02
nan,nan,nan,nan,5.502348808263e+01,3.519508902215e-02
nan,nan,nan,nan,5.512576222404e+01,3.493438617362e-02
nan,nan,nan,nan,5.522803636546e+01,3.467532642535e-02
nan,nan,nan,nan,5.533031050688e+01,3.441784679435e-02
nan,nan,nan,nan,5.543258464830e+01,3.416190599407e-02
nan,nan,nan,nan,5.553485878971e+01,3.390743151498e-02
nan,nan,nan,nan,5.563713293113e+01,3.365443592883e-02
nan,nan,nan,nan,5.573940707255e+01,3.340289653528e-02
nan,nan,nan,nan,5.584168121397e+01,3.315281580468e-02
nan,nan,nan,nan,5.594395535538e+01,3.290423755295e-02
nan,nan,nan,nan,5.604622949680e+01,3.265713668085e-02
nan,nan,nan,nan,5.614850363822e+01,3.241143752340e-02
nan,nan,nan,nan,5.625077777964e+01,3.216705770379e-02
nan,nan,nan,nan,5.635305192105e+01,3.192394381585e-02
nan,nan,nan,nan,5.645532606247e+01,3.168202394568e-02
nan,nan,nan,nan,5.655760020389e+01,3.144121043976e-02
nan,nan,nan,nan,5.665987434531e+01,3.120140349394e-02
nan,nan,nan,nan,5.676214848672e+01,3.096252890014e-02
nan,nan,nan,nan,5.686442262814e+01,3.072449677085e-02
nan,nan,nan,nan,5.696669676956e+01,3.048736056878e-02
nan,nan,nan,nan,5.706897091098e+01,3.025112286502e-02
nan,nan,nan,nan,5.717124505239e+01,3.001573045162e-02
nan,nan,nan,nan,5.727351919381e+01,2.978113200509e-02
nan,nan,nan,nan,5.737579333523e+01,2.954728216661e-02
nan,nan,nan,nan,5.747806747665e+01,2.931415297773e-02
nan,nan,nan,nan,5.758034161806e+01,2.908170848679e-02
nan,nan,nan,nan,5.768261575948e+01,2.884998552965e-02
nan,nan,nan,nan,5.778488990090e+01,2.861900484506e-02
nan,nan,nan,nan,5.788716404232e+01,2.838872682820e-02
nan,nan,nan,nan,5.798943818373e+01,2.815917023051e-02
nan,nan,nan,nan,5.809171232515e+01,2.793044987695e-02
nan,nan,nan,nan,5.819398646657e+01,2.770270722698e-02
nan,nan,nan,nan,5.829626060799e+01,2.747598127488e-02
nan,nan,nan,nan,5.839853474940e+01,2.725027397141e-02
nan,nan,nan,nan,5.850080889082e+01,2.702556976439e-02
nan,nan,nan,nan,5.860308303224e+01,2.680191963094e-02
nan,nan,nan,nan,5.870535717366e+01,2.657933925411e-02
nan,nan,nan,nan,5.880763131507e+01,2.635771548377e-02
nan,nan,nan,nan,5.890990545649e+01,2.613706639976e-02
nan,nan,nan,nan,5.901217959791e+01,2.591744551944e-02
nan,nan,nan,nan,5.911445373933e+01,2.569888415553e-02
nan,nan,nan,nan,5.921672788074e+01,2.548139323075e-02
nan,nan,nan,nan,5.931900202216e+01,2.526494687128e-02
nan,nan,nan,nan,5.942127616358e+01,2.504952848761e-02
nan,nan,nan,nan,5.952355030500e+01,2.483514919861e-02
nan,nan,nan,nan,5.962582444641e+01,2.462174386158e-02
nan,nan,nan,nan,5.972809858783e+01,2.440937316907e-02
nan,nan,nan,nan,5.983037272925e+01,2.419813193886e-02
nan,nan,nan,nan,5.993264687067e+01,2.398806478357e-02
nan,nan,nan,nan,6.003492101208e+01,2.377919704669e-02
nan,nan,nan,nan,6.013719515350e+01,2.357157716026e-02
nan,nan,nan,nan,6.023946929492e+01,2.336529989614e-02
nan,nan,nan,nan,6.034174343634e+01,2.316046803251e-02
nan,nan,nan,nan,6.044401757775e+01,2.295711835595e-02
nan,nan,nan,nan,6.054629171917e+01,2.275531161112e-02
nan,nan,nan,nan,6.064856586059e+01,2.255506654273e-02
nan,nan,nan,nan,6.075084000201e+01,2.235637928648e-02
nan,nan,nan,nan,6.085311414342e+01,2.215929031066e-02
nan,nan,nan,nan,6.095538828484e+01,2.196375504027e-02
nan,nan,nan,nan,6.105766242626e+01,2.176981648381e-02
nan,nan,nan,nan,6.115993656768e+01,2.157748496323e-02
nan,nan,nan,nan,6.126221070909e+01,2.138680597360e-02
nan,nan,nan,nan,6.136448485051e+01,2.119778498728e-02
nan,nan,nan,nan,6.146675899193e+01,2.101041528123e-02
nan,nan,nan,nan,6.156903313335e+01,2.082473744299e-02
nan,nan,nan,nan,6.167130727476e+01,2.064077165202e-02
nan,nan,nan,nan,6.177358141618e+01,2.045859050757e-02
nan,nan,nan,nan,6.187585555760e+01,2.027827716933e-02
nan,nan,nan,nan,6.197812969902e+01,2.009982795331e-02
nan,nan,nan,nan,6.208040384043e+01,1.992324962560e-02
nan,nan,nan,nan,6.218267798185e+01,1.974859323800e-02
nan,nan,nan,nan,6.228495212327e+01,1.957589617864e-02
nan,nan,nan,nan,6.238722626469e+01,1.940514900996e-02
nan,nan,nan,nan,6.248950040610e+01,1.923633238657e-02
nan,nan,nan,nan,6.259177454752e+01,1.906944300922e-02
nan,nan,nan,nan,6.269404868894e+01,1.890447882055e-02
nan,nan,nan,nan,6.279632283036e+01,1.874147204444e-02
nan,nan,nan,nan,6.289859697177e+01,1.858044883636e-02
nan,nan,nan,nan,6.300087111319e+01,1.842141239045e-02
nan,nan,nan,nan,6.310314525461e+01,1.826440627378e-02
nan,nan,nan,nan,6.320541939603e+01,1.810946190953e-02
nan,nan,nan,nan,6.330769353744e+01,1.795659956742e-02
nan,nan,nan,nan,6.340996767886e+01,1.780580032503e-02
nan,nan,nan,nan,6.351224182028e+01,1.765708625732e-02
nan,nan,nan,nan,6.361451596170e+01,1.751045376896e-02
nan,nan,nan,nan,6.371679010311e+01,1.736592837511e-02
nan,nan,nan,nan,6.381906424453e+01,1.722357145498e-02
nan,nan,nan,nan,6.392133838595e+01,1.708338984566e-02
nan,nan,nan,nan,6.402361252737e+01,1.694535689990e-02
nan,nan,nan,nan,6.412588666878e+01,1.680952380444e-02
nan,nan,nan,nan,6.422816081020e+01,1.667590834652e-02
nan,nan,nan,nan,6.433043495162e+01,1.654449710648e-02
nan,nan,nan,nan,6.443270909304e+01,1.641529065167e-02
nan,nan,nan,nan,6.453498323445e+01,1.628823357126e-02
nan,nan,nan,nan,6.463725737587e+01,1.616325813477e-02
nan,nan,nan,nan,6.473953151729e+01,1.604033751669e-02
nan,nan,nan,nan,6.484180565871e+01,1.591946381461e-02
nan,nan,nan,nan,6.494407980012e+01,1.580060635946e-02
nan,nan,nan,nan,6.504635394154e+01,1.568368592316e-02
nan,nan,nan,nan,6.514862808296e+01,1.556857514858e-02
nan,nan,nan,nan,6.525090222438e+01,1.545514143791e-02
nan,nan,nan,nan,6.535317636579e+01,1.534329557527e-02
nan,nan,nan,nan,6.545545050721e+01,1.523308043734e-02
nan,nan,nan,nan,6.555772464863e+01,1.512442576480e-02
nan,nan,nan,nan,6.565999879005e+01,1.501731614612e-02
nan,nan,nan,nan,6.576227293147e+01,1.491176627030e-02
nan,nan,nan,nan,6.586454707288e+01,1.480778131513e-02
nan,nan,nan,nan,6.596682121430e+01,1.470530621718e-02
nan,nan,nan,nan,6.606909535572e+01,1.460429534808e-02
nan,nan,nan,nan,6.617136949714e+01,1.450472091312e-02
nan,nan,nan,nan,6.627364363855e+01,1.440654451373e-02
nan,nan,nan,nan,6.637591777997e+01,1.430975875030e-02
nan,nan,nan,nan,6.647819192139e+01,1.421427435709e-02
nan,nan,nan,nan,6.658046606281e+01,1.411995159520e-02
nan,nan,nan,nan,6.668274020422e+01,1.402674258081e-02
nan,nan,nan,nan,6.678501434564e+01,1.393460216954e-02
nan,nan,nan,nan,6.688728848706e+01,1.384344961081e-02
nan,nan,nan,nan,6.698956262848e+01,1.375315203287e-02
nan,nan,nan,nan,6.709183676989e+01,1.366357844996e-02
nan,nan,nan,nan,6.719411091131e+01,1.357453484439e-02
nan,nan,nan,nan,6.729638505273e+01,1.348590252209e-02
nan,nan,nan,nan,6.739865919415e+01,1.339766471704e-02
nan,nan,nan,nan,6.750093333556e+01,1.330970853384e-02
nan,nan,nan,nan,6.760320747698e+01,1.322201916147e-02
nan,nan,nan,nan,6.770548161840e+01,1.313463272048e-02
nan,nan,nan,nan,6.780775575982e+01,1.304754708707e-02
nan,nan,nan,nan,6.791002990123e+01,1.296073112085e-02
nan,nan,nan,nan,6.801230404265e+01,1.287417624867e-02
nan,nan,nan,nan,6.811457818407e+01,1.278791433255e-02
nan,nan,nan,nan,6.821685232549e+01,1.270201350614e-02
nan,nan,nan,nan,6.831912646690e+01,1.261646478875e-02
nan,nan,nan,nan,6.842140060832e+01,1.253130794125e-02
nan,nan,nan,nan,6.852367474974e+01,1.244658537191e-02
nan,nan,nan,nan,6.862594889116e+01,1.236232999717e-02
nan,nan,nan,nan,6.872822303257e+01,1.227858502188e-02
nan,nan,nan,nan,6.883049717399e+01,1.219536408858e-02
nan,nan,nan,nan,6.893277131541e+01,1.211270619130e-02
nan,nan,nan,nan,6.903504545683e+01,1.203058282785e-02
nan,nan,nan,nan,6.913731959824e+01,1.194897171853e-02
nan,nan,nan,nan,6.923959373966e+01,1.186783569072e-02
nan,nan,nan,nan,6.934186788108e+01,1.178718115081e-02
nan,nan,nan,nan,6.944414202250e+01,1.170709522155e-02
nan,nan,nan,nan,6.954641616391e+01,1.162764167267e-02
nan,nan,nan,nan,6.964869030533e+01,1.154889497938e-02
nan,nan,nan,nan,6.975096444675e+01,1.147095501337e-02
nan,nan,nan,nan,6.985323858817e+01,1.139387693312e-02
nan,nan,nan,nan,6.995551272958e+01,1.131767758676e-02
nan,nan,nan,nan,7.005778687100e+01,1.124246084978e-02
nan,nan,nan,nan,7.016006101242e+01,1.116830276002e-02
nan,nan,nan,nan,7.026233515384e+01,1.109517504648e-02
nan,nan,nan,nan,7.036460929525e+01,1.102305962186e-02
nan,nan,nan,nan,7.046688343667e+01,1.095194099407e-02
nan,nan,nan,nan,7.056915757809e+01,1.088183583537e-02
nan,nan,nan,nan,7.067143171951e+01,1.081279584639e-02
nan,nan,nan,nan,7.077370586092e+01,1.074490045644e-02
nan,nan,nan,nan,7.087598000234e+01,1.067816457081e-02
nan,nan,nan,nan,7.097825414376e+01,1.061255722192e-02
nan,nan,nan,nan,7.108052828518e+01,1.054807806009e-02
nan,nan,nan,nan,7.118280242659e+01,1.048463354608e-02
nan,nan,nan,nan,7.128507656801e+01,1.042208649080e-02
nan,nan,nan,nan,7.138735070943e+01,1.036028540707e-02
nan,nan,nan,nan,7.148962485085e+01,1.029914813255e-02
nan,nan,nan,nan,7.159189899226e+01,1.023861619732e-02
nan,nan,nan,nan,7.169417313368e+01,1.017866529558e-02
nan,nan,nan,nan,7.179644727510e+01,1.011931167339e-02
nan,nan,nan,nan,7.189872141652e+01,1.006054361039e-02
nan,nan,nan,nan,7.200099555793e+01,1.000232993896e-02
nan,nan,nan,nan,7.210326969935e+01,9.944558710301e-03
nan,nan,nan,nan,7.220554384077e+01,9.887177816940e-03
nan,nan,nan,nan,7.230781798219e+01,9.830111796411e-03
nan,nan,nan,nan,7.241009212360e+01,9.773294565027e-03
nan,nan,nan,nan,7.251236626502e+01,9.716638320309e-03
nan,nan,nan,nan,7.261464040644e+01,9.660097127214e-03
nan,nan,nan,nan,7.271691454786e+01,9.603587802354e-03
nan,nan,nan,nan,7.281918868927e+01,9.546988749789e-03
nan,nan,nan,nan,7.292146283069e+01,9.490175516603e-03
nan,nan,nan,nan,7.302373697211e+01,9.433125145256e-03
nan,nan,nan,nan,7.312601111353e+01,9.375861798474e-03
nan,nan,nan,nan,7.322828525494e+01,9.318366501547e-03
nan,nan,nan,nan,7.333055939636e+01,9.260556089563e-03
nan,nan,nan,nan,7.343283353778e+01,9.202414663499e-03
nan,nan,nan,nan,7.353510767920e+01,9.143969306587e-03
nan,nan,nan,nan,7.363738182061e+01,9.085228544597e-03
nan,nan,nan,nan,7.373965596203e+01,9.026171586644e-03
nan,nan,nan,nan,7.384193010345e+01,8.966772287915e-03
nan,nan,nan,nan,7.394420424487e+01,8.907014198683e-03
nan,nan,nan,nan,7.404647838628e+01,8.846860905153e-03
nan,nan,nan,nan,7.414875252770e+01,8.786270221996e-03
nan,nan,nan,nan,7.425102666912e+01,8.725226196134e-03
nan,nan,nan,nan,7.435330081054e+01,8.663747333170e-03
nan,nan,nan,nan,7.445557495195e+01,8.601870619253e-03
nan,nan,nan,nan,7.455784909337e+01,8.539583806757e-03
nan,nan,nan,nan,7.466012323479e+01,8.476912321554e-03
nan,nan,nan,nan,7.476239737621e+01,8.413821467065e-03
nan,nan,nan,nan,7.486467151762e+01,8.350324853844e-03
nan,nan,nan,nan,7.496694565904e+01,8.286426318312e-03
nan,nan,nan,nan,7.506921980046e+01,8.222100524421e-03
nan,nan,nan,nan,7.517149394188e+01,8.157357997194e-03
nan,nan,nan,nan,7.527376808329e+01,8.092287725502e-03
nan,nan,nan,nan,7.537604222471e+01,8.026918675950e-03
nan,nan,nan,nan,7.547831636613e+01,7.961278357560e-03
nan,nan,nan,nan,7.558059050755e+01,7.895461397071e-03
nan,nan,nan,nan,7.568286464896e+01,7.829520539038e-03
nan,nan,nan,nan,7.578513879038e+01,7.763472870658e-03
nan,nan,nan,nan,7.588741293180e+01,7.697435170202e-03
nan,nan,nan,nan,7.598968707322e+01,7.631504274207e-03
nan,nan,nan,nan,7.609196121463e+01,7.565731780684e-03
nan,nan,nan,nan,7.619423535605e+01,7.500113774127e-03
nan,nan,nan,nan,7.629650949747e+01,7.434696797797e-03
nan,nan,nan,nan,7.639878363889e+01,7.369498069192e-03
nan,nan,nan,nan,7.650105778030e+01,7.304543225843e-03
nan,nan,nan,nan,7.660333192172e+01,7.239885648559e-03
nan,nan,nan,nan,7.670560606314e+01,7.175452592236e-03
nan,nan,nan,nan,7.680788020456e+01,7.111137156400e-03
nan,nan,nan,nan,7.691015434597e+01,7.046884075581e-03
nan,nan,nan,nan,7.701242848739e+01,6.982679965874e-03
nan,nan,nan,nan,7.711470262881e+01,6.918531923580e-03
nan,nan,nan,nan,7.721697677023e+01,6.854442111504e-03
nan,nan,nan,nan,7.731925091164e+01,6.790383732833e-03
nan,nan,nan,nan,7.742152505306e+01,6.726335898805e-03
nan,nan,nan,nan,7.752379919448e+01,6.662314588468e-03
nan,nan,nan,nan,7.762607333590e+01,6.598277105498e-03
nan,nan,nan,nan,7.772834747731e+01,6.534256743666e-03
nan,nan,nan,nan,7.783062161873e+01,6.470237846176e-03
nan,nan,nan,nan,7.793289576015e+01,6.406223199551e-03
nan,nan,nan,nan,7.803516990157e+01,6.342228200919e-03
nan,nan,nan,nan,7.813744404298e+01,6.278182430179e-03
nan,nan,nan,nan,7.823971818440e+01,6.213970179841e-03
nan,nan,nan,nan,7.834199232582e+01,6.149530719134e-03
nan,nan,nan,nan,7.844426646724e+01,6.084906842064e-03
nan,nan,nan,nan,7.854654060865e+01,6.020129816850e-03
nan,nan,nan,nan,7.864881475007e+01,5.955209997922e-03
nan,nan,nan,nan,7.875108889149e+01,5.890178197823e-03
nan,nan,nan,nan,7.885336303291e+01,5.825064350159e-03
nan,nan,nan,nan,7.895563717433e+01,5.759867612026e-03
nan,nan,nan,nan,7.905791131574e+01,5.694575192706e-03
nan,nan,nan,nan,7.916018545716e+01,5.629126020306e-03
nan,nan,nan,nan,7.926245959858e+01,5.563470870453e-03
nan,nan,nan,nan,7.936473374000e+01,5.497530148000e-03
nan,nan,nan,nan,7.946700788141e+01,5.431246505452e-03
nan,nan,nan,nan,7.956928202283e+01,5.364592334648e-03
nan,nan,nan,nan,7.967155616425e+01,5.297544016687e-03
nan,nan,nan,nan,7.977383030567e+01,5.230089439558e-03
nan,nan,nan,nan,7.987610444708e+01,5.162207813627e-03
nan,nan,nan,nan,7.997837858850e+01,5.093856548116e-03
nan,nan,nan,nan,8.008065272992e+01,5.025086043421e-03
nan,nan,nan,nan,8.018292687134e+01,4.955966208026e-03
nan,nan,nan,nan,8.028520101275e+01,4.886686981000e-03
nan,nan,nan,nan,8.038747515417e+01,4.817405882104e-03
nan,nan,nan,nan,8.048974929559e+01,4.748193716984e-03
nan,nan,nan,nan,8.059202343701e+01,4.679109576368e-03
nan,nan,nan,nan,8.069429757842e+01,4.610233458877e-03
nan,nan,nan,nan,8.079657171984e+01,4.541644990641e-03
nan,nan,nan,nan,8.089884586126e+01,4.473336740062e-03
nan,nan,nan,nan,8.100112000268e+01,4.405297532692e-03
nan,nan,nan,nan,8.110339414409e+01,4.337618884863e-03
nan,nan,nan,nan,8.120566828551e+01,4.270326956277e-03
nan,nan,nan,nan,8.130794242693e+01,4.203488732193e-03
nan,nan,nan,nan,8.141021656835e+01,4.137129582876e-03
nan,nan,nan,nan,8.151249070976e+01,4.071320864494e-03
nan,nan,nan,nan,8.161476485118e+01,4.006101364642e-03
nan,nan,nan,nan,8.171703899260e+01,3.941571239311e-03
nan,nan,nan,nan,8.181931313402e+01,3.877855654315e-03
nan,nan,nan,nan,8.192158727543e+01,3.815028672903e-03
nan,nan,nan,nan,8.202386141685e+01,3.753180924146e-03
nan,nan,nan,nan,8.212613555827e+01,3.692480415346e-03
nan,nan,nan,nan,8.222840969969e+01,3.633010709507e-03
nan,nan,nan,nan,8.233068384110e+01,3.574839598786e-03
nan,nan,nan,nan,8.243295798252e+01,3.518052106411e-03
nan,nan,nan,nan,8.253523212394e+01,3.462740268463e-03
nan,nan,nan,nan,8.263750626536e+01,3.408973604329e-03
nan,nan,nan,nan,8.273978040677e+01,3.356719474808e-03
nan,nan,nan,nan,8.284205454819e+01,3.305954072349e-03
nan,nan,nan,nan,8.294432868961e+01,3.256668883966e-03
nan,nan,nan,nan,8.304660283103e+01,3.208833437701e-03
nan,nan,nan,nan,8.314887697244e+01,3.162469805614e-03
nan,nan,nan,nan,8.325115111386e+01,3.117554702534e-03
nan,nan,nan,nan,8.335342525528e+01,3.074080246776e-03
nan,nan,nan,nan,8.345569939670e+01,3.032043375213e-03
nan,nan,nan,nan,8.355797353811e+01,2.991452572100e-03
nan,nan,nan,nan,8.366024767953e+01,2.952234390921e-03
nan,nan,nan,nan,8.376252182095e+01,2.914370987184e-03
nan,nan,nan,nan,8.386479596237e+01,2.877849919965e-03
nan,nan,nan,nan,8.396707010378e+01,2.842616167858e-03
nan,nan,nan,nan,8.406934424520e+01,2.808552222803e-03
nan,nan,nan,nan,8.417161838662e+01,2.775568246739e-03
nan,nan,nan,nan,8.427389252804e+01,2.743624936852e-03
nan,nan,nan,nan,8.437616666945e+01,2.712633019736e-03
nan,nan,nan,nan,8.447844081087e+01,2.682483869084e-03
nan,nan,nan,nan,8.458071495229e+01,2.653073357580e-03
nan,nan,nan,nan,8.468298909371e+01,2.624252994614e-03
nan,nan,nan,nan,8.478526323512e+01,2.595950092353e-03
nan,nan,nan,nan,8.488753737654e+01,2.568123764012e-03
nan,nan,nan,nan,8.498981151796e+01,2.540806309058e-03
nan,nan,nan,nan,8.509208565938e+01,2.513951286103e-03
nan,nan,nan,nan,8.519435980079e+01,2.487525853516e-03
nan,nan,nan,nan,8.529663394221e+01,2.461470159422e-03
nan,nan,nan,nan,8.539890808363e+01,2.435749539264e-03
nan,nan,nan,nan,8.550118222505e+01,2.410317116681e-03
nan,nan,nan,nan,8.560345636646e+01,2.385226594261e-03
nan,nan,nan,nan,8.570573050788e+01,2.360448905885e-03
nan,nan,nan,nan,8.580800464930e+01,2.336024756373e-03
nan,nan,nan,nan,8.591027879072e+01,2.312084185666e-03
nan,nan,nan,nan,8.601255293213e+01,2.288772466255e-03
nan,nan,nan,nan,8.611482707355e+01,2.266164375703e-03
nan,nan,nan,nan,8.621710121497e+01,2.244319515868e-03
nan,nan,nan,nan,8.631937535639e+01,2.223280067329e-03
nan,nan,nan,nan,8.642164949780e+01,2.203013802818e-03
nan,nan,nan,nan,8.652392363922e+01,2.183447862678e-03
nan,nan,nan,nan,8.662619778064e+01,2.164507399870e-03
nan,nan,nan,nan,8.672847192206e+01,2.146116391232e-03
nan,nan,nan,nan,8.683074606347e+01,2.128175023892e-03
nan,nan,nan,nan,8.693302020489e+01,2.110581137236e-03
nan,nan,nan,nan,8.703529434631e+01,2.093325481260e-03
nan,nan,nan,nan,8.713756848773e+01,2.076344518303e-03
nan,nan,nan,nan,8.723984262914e+01,2.059604512619e-03
nan,nan,nan,nan,8.734211677056e+01,2.043071100230e-03
nan,nan,nan,nan,8.744439091198e+01,2.026711605867e-03
nan,nan,nan,nan,8.754666505340e+01,2.010531757954e-03
nan,nan,nan,nan,8.764893919481e+01,1.994539040239e-03
nan,nan,nan,nan,8.775121333623e+01,1.978747591340e-03
nan,nan,nan,nan,8.785348747765e+01,1.963219251390e-03
nan,nan,nan,nan,8.795576161907e+01,1.947957771852e-03
nan,nan,nan,nan,8.805803576048e+01,1.932967260176e-03
nan,nan,nan,nan,8.816030990190e+01,1.918273264717e-03
nan,nan,nan,nan,8.826258404332e+01,1.903849729699e-03
nan,nan,nan,nan,8.836485818474e+01,1.889674654183e-03
nan,nan,nan,nan,8.846713232615e+01,1.875716269343e-03
nan,nan,nan,nan,8.856940646757e+01,1.861989171814e-03
nan,nan,nan,nan,8.867168060899e+01,1.848500865864e-03
nan,nan,nan,nan,8.877395475041e+01,1.835302215602e-03
nan,nan,nan,nan,8.887622889182e+01,1.822394166703e-03
nan,nan,nan,nan,8.897850303324e+01,1.809827239352e-03
nan,nan,nan,nan,8.908077717466e+01,1.797618290035e-03
nan,nan,nan,nan,8.918305131608e+01,1.785782024046e-03
nan,nan,nan,nan,8.928532545749e+01,1.774317407647e-03
nan,nan,nan,nan,8.938759959891e+01,1.763130809178e-03
nan,nan,nan,nan,8.948987374033e+01,1.752213517649e-03
nan,nan,nan,nan,8.959214788175e+01,1.741562767006e-03
nan,nan,nan,nan,8.969442202316e+01,1.731073591837e-03
nan,nan,nan,nan,8.979669616458e+01,1.720685698261e-03
nan,nan,nan,nan,8.989897030600e+01,1.710324314159e-03
nan,nan,nan,nan,9.000124444742e+01,1.699948340942e-03
nan,nan,nan,nan,9.010351858883e+01,1.689530848017e-03
nan,nan,nan,nan,9.020579273025e+01,1.679085510958e-03
nan,nan,nan,nan,9.030806687167e+01,1.668592218430e-03
nan,nan,nan,nan,9.041034101309e+01,1.657991641321e-03
nan,nan,nan,nan,9.051261515450e+01,1.647233499326e-03
nan,nan,nan,nan,9.061488929592e+01,1.636239859804e-03
nan,nan,nan,nan,9.071716343734e+01,1.624984087435e-03
nan,nan,nan,nan,9.081943757876e+01,1.613460849327e-03
nan,nan,nan,nan,9.092171172017e+01,1.601621168215e-03
nan,nan,nan,nan,9.102398586159e+01,1.589453390327e-03
nan,nan,nan,nan,9.112626000301e+01,1.576996310001e-03
nan,nan,nan,nan,9.122853414443e+01,1.564315506488e-03
nan,nan,nan,nan,9.133080828584e+01,1.551463808791e-03
nan,nan,nan,nan,9.143308242726e+01,1.538512050271e-03
nan,nan,nan,nan,9.153535656868e+01,1.525510097660e-03
nan,nan,nan,nan,9.163763071010e+01,1.512485382489e-03
nan,nan,nan,nan,9.173990485151e+01,1.499474465708e-03
nan,nan,nan,nan,9.184217899293e+01,1.486545416301e-03
nan,nan,nan,nan,9.194445313435e+01,1.473738246111e-03
nan,nan,nan,nan,9.204672727577e+01,1.461100932512e-03
nan,nan,nan,nan,9.214900141719e+01,1.448627272596e-03
nan,nan,nan,nan,9.225127555860e+01,1.436325934139e-03
nan,nan,nan,nan,9.235354970002e+01,1.424220934507e-03
nan,nan,nan,nan,9.245582384144e+01,1.412376295605e-03
nan,nan,nan,nan,9.255809798286e+01,1.400901118582e-03
nan,nan,nan,nan,9.266037212427e+01,1.389884513319e-03
nan,nan,nan,nan,9.276264626569e+01,1.379368186853e-03
nan,nan,nan,nan,9.286492040711e+01,1.369367268066e-03
nan,nan,nan,nan,9.296719454853e+01,1.359937296538e-03
nan,nan,nan,nan,9.306946868994e+01,1.351100700159e-03
nan,nan,nan,nan,9.317174283136e+01,1.342876753212e-03
nan,nan,nan,nan,9.327401697278e+01,1.335275988206e-03
nan,nan,nan,nan,9.337629111420e+01,1.328320998879e-03
nan,nan,nan,nan,9.347856525561e+01,1.321979805107e-03
nan,nan,nan,nan,9.358083939703e+01,1.316162282746e-03
nan,nan,nan,nan,9.368311353845e+01,1.310812808319e-03
nan,nan,nan,nan,9.378538767987e+01,1.305910513453e-03
nan,nan,nan,nan,9.388766182128e+01,1.301452428070e-03
nan,nan,nan,nan,9.398993596270e+01,1.297403603134e-03
nan,nan,nan,nan,9.409221010412e+01,1.293748109917e-03
nan,nan,nan,nan,9.419448424554e+01,1.290480056949e-03
nan,nan,nan,nan,9.429675838695e+01,1.287668349441e-03
nan,nan,nan,nan,9.439903252837e+01,1.285283623662e-03
nan,nan,nan,nan,9.450130666979e+01,1.283371707456e-03
nan,nan,nan,nan,9.460358081121e+01,1.281893338680e-03
nan,nan,nan,nan,9.470585495262e+01,1.280751741565e-03
nan,nan,nan,nan,9.480812909404e+01,1.279878248396e-03
nan,nan,nan,nan,9.491040323546e+01,1.279236220745e-03
nan,nan,nan,nan,9.501267737688e+01,1.278807805227e-03
nan,nan,nan,nan,9.511495151829e+01,1.278574569694e-03
nan,nan,nan,nan,9.521722565971e+01,1.278530161525e-03
nan,nan,nan,nan,9.531949980113e+01,1.278656426663e-03
nan,nan,nan,nan,9.542177394255e+01,1.278968971897e-03
nan,nan,nan,nan,9.552404808396e+01,1.279501762958e-03
nan,nan,nan,nan,9.562632222538e+01,1.280300975025e-03
nan,nan,nan,nan,9.572859636680e+01,1.281380012355e-03
nan,nan,nan,nan,9.583087050822e+01,1.282795002473e-03
nan,nan,nan,nan,9.593314464963e+01,1.284566833150e-03
nan,nan,nan,nan,9.603541879105e+01,1.286741091153e-03
nan,nan,nan,nan,9.613769293247e+01,1.289351978419e-03
nan,nan,nan,nan,9.623996707389e+01,1.292356933264e-03
nan,nan,nan,nan,9.634224121530e+01,1.295775227442e-03
nan,nan,nan,nan,9.644451535672e+01,1.299663594485e-03
nan,nan,nan,nan,9.654678949814e+01,1.304088228731e-03
nan,nan,nan,nan,9.664906363956e+01,1.309071403077e-03
nan,nan,nan,nan,9.675133778097e+01,1.314678194685e-03
nan,nan,nan,nan,9.685361192239e+01,1.321019748089e-03
nan,nan,nan,nan,9.695588606381e+01,1.328222581544e-03
nan,nan,nan,nan,9.705816020523e+01,1.336339150608e-03
nan,nan,nan,nan,9.716043434664e+01,1.345361225084e-03
nan,nan,nan,nan,9.726270848806e+01,1.355405447993e-03
nan,nan,nan,nan,9.736498262948e+01,1.366506094457e-03
nan,nan,nan,nan,9.746725677090e+01,1.378653545290e-03
nan,nan,nan,nan,9.756953091231e+01,1.391811049683e-03
nan,nan,nan,nan,9.767180505373e+01,1.405931887429e-03
nan,nan,nan,nan,9.777407919515e+01,1.420964689160e-03
nan,nan,nan,nan,9.787635333657e+01,1.436911725606e-03
nan,nan,nan,nan,9.797862747798e+01,1.453757622610e-03
nan,nan,nan,nan,9.808090161940e+01,1.471449720550e-03
nan,nan,nan,nan,9.818317576082e+01,1.489844279502e-03
nan,nan,nan,nan,9.828544990224e+01,1.508856897184e-03
nan,nan,nan,nan,9.838772404365e+01,1.528461558893e-03
nan,nan,nan,nan,9.848999818507e+01,1.548728162659e-03
nan,nan,nan,nan,9.859227232649e+01,1.569641639729e-03
nan,nan,nan,nan,9.869454646791e+01,1.591144840506e-03
nan,nan,nan,nan,9.879682060932e+01,1.613167064093e-03
nan,nan,nan,nan,9.889909475074e+01,1.635642301332e-03
nan,nan,nan,nan,9.900136889216e+01,1.658480977397e-03
nan,nan,nan,nan,9.910364303358e+01,1.681689511016e-03
nan,nan,nan,nan,9.920591717499e+01,1.705275168565e-03
nan,nan,nan,nan,9.930819131641e+01,1.729279859957e-03
nan,nan,nan,nan,9.941046545783e+01,1.753725598230e-03
nan,nan,nan,nan,9.951273959925e+01,1.778578551079e-03
nan,nan,nan,nan,9.961501374066e+01,1.803767096383e-03
nan,nan,nan,nan,9.971728788208e+01,1.829213409245e-03
nan,nan,nan,nan,9.981956202350e+01,1.854867759033e-03
nan,nan,nan,nan,9.992183616492e+01,1.880726232401e-03
nan,nan,nan,nan,1.000241103063e+02,1.906757488157e-03
nan,nan,nan,nan,1.001263844478e+02,1.932926094148e-03
nan,nan,nan,nan,1.002286585892e+02,1.959194624868e-03
nan,nan,nan,nan,1.003309327306e+02,1.985567441660e-03
nan,nan,nan,nan,1.004332068720e+02,2.012052597430e-03
nan,nan,nan,nan,1.005354810134e+02,2.038663725811e-03
nan,nan,nan,nan,1.006377551548e+02,2.065422381417e-03
nan,nan,nan,nan,1.007400292963e+02,2.092293706977e-03
nan,nan,nan,nan,1.008423034377e+02,2.119237542817e-03
nan,nan,nan,nan,1.009445775791e+02,2.146213466066e-03
nan,nan,nan,nan,1.010468517205e+02,2.173216505432e-03
nan,nan,nan,nan,1.011491258619e+02,2.200265731646e-03
nan,nan,nan,nan,1.012514000033e+02,2.227327435896e-03
nan,nan,nan,nan,1.013536741448e+02,2.254318991220e-03
nan,nan,nan,nan,1.014559482862e+02,2.281233511271e-03
nan,nan,nan,nan,1.015582224276e+02,2.308045656719e-03
nan,nan,nan,nan,1.016604965690e+02,2.334685901180e-03
nan,nan,nan,nan,1.017627707104e+02,2.361101548218e-03
nan,nan,nan,nan,1.018650448518e+02,2.387238217365e-03
nan,nan,nan,nan,1.019673189933e+02,2.413038048980e-03
nan,nan,nan,nan,1.020695931347e+02,2.438489651721e-03
nan,nan,nan,nan,1.021718672761e+02,2.463556088326e-03
