time_ps,vacf
0,1
0.204548282835,0.999219412032
0.40909656567,0.996933826234
0.613644848505,0.99324710149
0.81819313134,0.988271089364
1.02274141418,0.982122799795
1.22728969701,0.974922940799
1.43183797985,0.966793121261
1.63638626268,0.95785462316
1.84093454552,0.948226219576
2.04548282835,0.938021600277
2.25003111119,0.927348363808
2.45457939402,0.916306243181
2.65912767686,0.904986395594
2.86367595969,0.893470696765
3.06822424253,0.881831513195
3.27277252536,0.87013090718
3.4773208082,0.858421346404
3.68186909103,0.846746012394
3.88641737387,0.835138751849
4.0909656567,0.823625548062
4.29551393954,0.812224985652
4.50006222237,0.800949367408
4.70461050521,0.789805688757
4.90915878804,0.778796479744
5.11370707088,0.767921116795
5.31825535371,0.757176636431
5.52280363655,0.746558016943
5.72735191938,0.736059621254
5.93190020222,0.725676247366
6.13644848505,0.715403260914
6.34099676789,0.705237279705
6.54554505072,0.695175933416
6.75009333356,0.685218374337
6.95464161639,0.675365590415
7.15918989923,0.66562046849
7.36373818206,0.655987189503
7.5682864649,0.64647086259
7.77283474773,0.637077676392
7.97738303057,0.627814330133
8.1819313134,0.618687530213
8.38647959624,0.609703753867
8.59102787907,0.600869140209
8.79557616191,0.592188769815
9.00012444474,0.583666270731
9.20467272758,0.575304141475
9.40922101041,0.567103578496
9.61376929325,0.559064081688
9.81831757608,0.551184312282
10.0228658589,0.543462233783
10.2274141418,0.535894278935
10.4319624246,0.528475992174
10.6365107074,0.521201871018
10.8410589903,0.514066177847
11.0456072731,0.507063169714
11.2501555559,0.500185833541
11.4547038388,0.493427755387
11.6592521216,0.486782621484
11.8638004044,0.480244970196
12.0683486873,0.473810224738
12.2728969701,0.467474986115
12.4774452529,0.461236628864
12.6819935358,0.455092876488
12.8865418186,0.449042352165
13.0910901014,0.443084518216
13.2956383843,0.437219077189
13.5001866671,0.431445956156
13.7047349499,0.425765508508
13.9092832328,0.420178636104
14.1138315156,0.414686631299
14.3183797985,0.40929046003
14.5229280813,0.403990868694
14.7274763641,0.398788132529
14.932024647,0.393681620447
15.1365729298,0.388670145149
15.3411212126,0.383751379878
15.5456694955,0.378923083415
15.7502177783,0.374182131332
15.9547660611,0.369524795304
16.159314344,0.364947553805
16.3638626268,0.360446376472
16.5684109096,0.356016712958
16.7729591925,0.351653767394
16.9775074753,0.347353668104
17.1820557581,0.343112665409
17.386604041,0.338927304485
17.5911523238,0.334794757569
17.7957006066,0.330712823073
18.0002488895,0.326679962914
18.2047971723,0.322695125992
18.4093454552,0.318758064267
18.613893738,0.314868336107
18.8184420208,0.31102664384
19.0229903037,0.307233982562
19.2275385865,0.303491078193
19.4320868693,0.299798865374
19.6366351522,0.296158108456
19.841183435,0.292569498257
20.0457317178,0.289033439415
20.2502800007,0.285550184449
20.4548282835,0.282119925308
20.6593765663,0.278742853365
20.8639248492,0.275418871891
21.068473132,0.272147546988
21.2730214148,0.26892825822
21.4775696977,0.265759778888
21.6821179805,0.262640844629
21.8866662633,0.259570028991
22.0912145462,0.256545557001
22.295762829,0.25356552952
22.5003111119,0.250628549787
22.7048593947,0.247732755391
22.9094076775,0.244876246597
23.1139559604,0.242057368592
23.3185042432,0.239275170539
23.523052526,0.236529028195
23.7276008089,0.23381816182
23.9321490917,0.231141927985
24.1366973745,0.228500216061
24.3412456574,0.225893092637
24.5457939402,0.22332081271
24.750342223,0.220783964269
24.9548905059,0.218283523982
25.1594387887,0.215820280506
25.3639870715,0.213395217715
25.5685353544,0.211008897789
25.7730836372,0.208662257557
25.97763192,0.206356048583
26.1821802029,0.204091173809
26.3867284857,0.201867093332
26.5912767686,0.199682951515
26.7958250514,0.197537676567
27.0003733342,0.195430220606
27.2049216171,0.19335862548
27.4094698999,0.191320750494
27.6140181827,0.189313938375
27.8185664656,0.187335080577
28.0231147484,0.185381593623
28.2276630312,0.183450807989
28.4322113141,0.181540534906
28.6367595969,0.179648927956
28.8413078797,0.177774364574
29.0458561626,0.175915704546
29.2504044454,0.174072062726
29.4549527282,0.172242800813
29.6595010111,0.170427493151
29.8640492939,0.168626354277
30.0685975768,0.166839488671
30.2731458596,0.165067327854
30.4776941424,0.163310243616
30.6822424253,0.161568805312
30.8867907081,0.159843315169
31.0913389909,0.158134215786
31.2958872738,0.156441747956
31.5004355566,0.154766178867
31.7049838394,0.15310745041
31.9095321223,0.151465972259
32.1140804051,0.149841986954
32.3186286879,0.148235473199
32.5231769708,0.146646448528
32.7277252536,0.145074323037
32.9322735364,0.143517944427
33.1368218193,0.141976138519
33.3413701021,0.140447370084
33.5459183849,0.138929878815
33.7504666678,0.137421883332
33.9550149506,0.135921888797
34.1595632335,0.1344291013
34.3641115163,0.132943332582
34.5686597991,0.131464276855
34.773208082,0.12999246141
34.9777563648,0.128528928228
35.1823046476,0.127074642035
35.3868529305,0.125630886874
35.5914012133,0.124198687152
35.7959494961,0.122779095385
36.000497779,0.121373450298
36.2050460618,0.11998320948
36.4095943446,0.118609135164
36.6141426275,0.117251359739
36.8186909103,0.115910543685
37.0232391931,0.114587708566
37.227787476,0.113282856658
37.4323357588,0.111995647784
37.6368840416,0.110725948632
37.8414323245,0.109473442676
38.0459806073,0.108237626955
38.2505288902,0.107018479847
38.455077173,0.105815758436
38.6596254558,0.104628496599
38.8641737387,0.103456412974
39.0687220215,0.102299465329
39.2732703043,0.1011574758
39.4778185872,0.100031019017
39.68236687,0.0989206814166
39.8869151528,0.0978265596703
40.0914634357,0.0967487060814
40.2960117185,0.0956868053937
40.5005600013,0.0946406668511
40.7051082842,0.0936102415846
40.909656567,0.0925954209564
41.1142048498,0.0915962934965
41.3187531327,0.0906134765132
41.5233014155,0.0896478192571
41.7278496983,0.0886994399964
41.9323979812,0.0877687123576
42.136946264,0.0868560997586
42.3414945469,0.0859618633025
42.5460428297,0.0850859985239
42.7505911125,0.0842288960566
42.9551393954,0.0833901854175
43.1596876782,0.0825690732297
43.364235961,0.0817651549403
43.5687842439,0.0809770892817
43.7733325267,0.0802037842981
43.9778808095,0.0794438440091
44.1824290924,0.0786953701032
44.3869773752,0.0779566083365
44.591525658,0.0772257351181
44.7960739409,0.0765005903361
45.0006222237,0.0757800613064
45.2051705065,0.0750634269286
45.4097187894,0.0743497779678
45.6142670722,0.073638359526
45.818815355,0.0729278512927
46.0233636379,0.0722169696347
46.2279119207,0.071505398292
46.4324602036,0.0707927546022
46.6370084864,0.0700795276178
46.8415567692,0.0693663128756
47.0461050521,0.0686540147007
47.2506533349,0.0679436873471
47.4552016177,0.0672360585913
47.6597499006,0.0665328229982
47.8642981834,0.0658353098537
48.0688464662,0.0651456934927
48.2733947491,0.0644662390885
48.4779430319,0.0637979571096
48.6824913147,0.0631415922967
48.8870395976,0.0624976554315
49.0915878804,0.0618665667732
49.2961361632,0.0612476101278
49.5006844461,0.060639589998
49.7052327289,0.0600410969027
49.9097810117,0.0594504965855
50.1143292946,0.0588665096043
50.3188775774,0.0582873464115
50.5234258603,0.0577111804235
50.7279741431,0.057136800442
50.9325224259,0.0565632687763
51.1370707088,0.0559894424434
51.3416189916,0.0554143520591
51.5461672744,0.0548373366445
51.7507155573,0.0542583918935
51.9552638401,0.0536776986529
52.1598121229,0.0530953133362
52.3643604058,0.0525115778012
52.5689086886,0.0519275267604
52.7734569714,0.0513445588025
52.9780052543,0.0507636984215
53.1825535371,0.0501859708797
53.3871018199,0.0496129833234
53.5916501028,0.0490458774297
53.7961983856,0.0484856237633
54.0007466685,0.047933183361
54.2052949513,0.0473894354869
54.4098432341,0.0468545744631
54.614391517,0.0463281278652
54.8189397998,0.0458101699132
55.0234880826,0.0453002860162
55.2280363655,0.0447977301826
55.4325846483,0.0443016837628
55.6371329311,0.0438113075392
55.841681214,0.0433244298327
56.0462294968,0.0428389068278
56.2507777796,0.0423535636429
56.4553260625,0.0418679961601
56.6598743453,0.0413815822401
56.8644226281,0.0408943070331
57.068970911,0.040405875782
57.2735191938,0.039915604909
57.4780674766,0.0394234266995
57.6826157595,0.038929306082
57.8871640423,0.0384331511207
58.0917123252,0.0379351947557
58.296260608,0.0374355548416
58.5008088908,0.0369347994612
58.7053571737,0.0364338467857
58.9099054565,0.0359331039914
59.1144537393,0.035433072182
59.3190020222,0.0349339658303
59.523550305,0.0344369649669
59.7280985878,0.0339432846394
59.9326468707,0.0334539989698
60.1371951535,0.0329700102016
60.3417434363,0.0324922421761
60.5462917192,0.0320202375693
60.750840002,0.0315539170217
60.9553882848,0.0310937102823
61.1599365677,0.030639610839
61.3644848505,0.0301913964647
61.5690331333,0.0297494531906
61.7735814162,0.0293140143861
61.978129699,0.0288855076774
62.1826779819,0.0284646422157
62.3872262647,0.0280521606643
62.5917745475,0.0276484150613
62.7963228304,0.0272543199963
63.0008711132,0.0268699338081
63.205419396,0.0264951722699
63.4099676789,0.0261294496147
63.6145159617,0.0257725835909
63.8190642445,0.0254237155951
64.0236125274,0.0250822326531
64.2281608102,0.0247470185497
64.432709093,0.0244172152592
64.6372573759,0.0240919438174
64.8418056587,0.0237698813137
65.0463539415,0.0234504873332
65.2509022244,0.0231333070729
65.4554505072,0.022818142995
65.65999879,0.0225045358137
65.8645470729,0.0221919837945
66.0690953557,0.0218804485978
66.2736436386,0.021570002985
66.4781919214,0.0212606306146
66.6827402042,0.0209526098524
66.8872884871,0.0206460134552
67.0918367699,0.0203412724218
67.2963850527,0.0200386919896
67.5009333356,0.0197386469641
67.7054816184,0.0194417104465
67.9100299012,0.0191482090175
68.1145781841,0.0188590853057
68.3191264669,0.0185747302314
68.5236747497,0.0182948554952
68.7282230326,0.0180204015338
68.9327713154,0.0177517380926
69.1373195982,0.0174894324044
69.3418678811,0.01723319162
69.5464161639,0.0169824281174
69.7509644467,0.0167367545759
69.9555127296,0.0164962492215
70.1600610124,0.0162609826048
70.3646092953,0.016030756192
70.5691575781,0.0158058158038
70.7737058609,0.0155861912636
70.9782541438,0.0153725356597
71.1828024266,0.0151644827686
71.3873507094,0.0149617609887
71.5918989923,0.0147640308939
71.7964472751,0.0145699040563
72.0009955579,0.0143790789087
72.2055438408,0.0141918220215
72.4100921236,0.0140092843392
72.6146404064,0.0138314714985
72.8191886893,0.0136584105806
73.0237369721,0.0134908707725
73.2282852549,0.0133289445219
73.4328335378,0.0131729214525
73.6373818206,0.013023584926
73.8419301034,0.0128811776965
74.0464783863,0.0127449383383
74.2510266691,0.0126147631858
74.455574952,0.0124906867232
74.6601232348,0.0123721908954
74.8646715176,0.0122589066249
75.0692198005,0.0121500805267
75.2737680833,0.0120452765317
75.4783163661,0.0119437448898
75.682864649,0.0118452018098
75.8874129318,0.0117496134782
76.0919612146,0.0116566134228
76.2965094975,0.0115656962588
76.5010577803,0.0114764531888
76.7056060631,0.0113882349335
76.910154346,0.0113000357417
77.1147026288,0.0112114623125
77.3192509116,0.0111223444129
77.5237991945,0.0110323650954
77.7283474773,0.0109414645334
77.9328957601,0.0108500504526
78.137444043,0.0107587367916
78.3419923258,0.0106681516306
78.5465406087,0.0105788201107
78.7510888915,0.0104917307006
78.9556371743,0.0104078366986
79.1601854572,0.0103276129613
79.36473374,0.0102516209105
79.5692820228,0.0101810853996
79.7738303057,0.0101168476565
79.9783785885,0.0100589797498
80.1829268713,0.0100078288497
80.3874751542,0.00996365902953
80.592023437,0.00992608646185
80.7965717198,0.00989462015951
81.0011200027,0.00986859592529
81.2056682855,0.00984667392101
81.4102165683,0.0098280442534
81.6147648512,0.00981244297251
81.819313134,0.00979957561636
82.0238614169,0.00978886290452
82.2284096997,0.00977987357768
82.4329579825,0.00977249110578
82.6375062654,0.00976618137098
82.8420545482,0.00976008138435
83.046602831,0.0097532061819
83.2511511139,0.00974474382521
83.4556993967,0.00973403893025
83.6602476795,0.00972091164526
83.8647959624,0.00970501881685
84.0693442452,0.00968610235109
84.273892528,0.00966381438344
84.4784408109,0.00963830900931
84.6829890937,0.00961015357319
84.8875373765,0.00958019885447
85.0920856594,0.00954857298586
85.2966339422,0.00951477344896
85.501182225,0.00947894629622
85.7057305079,0.00944153295836
85.9102787907,0.00940311428174
86.1148270736,0.00936428797148
86.3193753564,0.00932505461509
86.5239236392,0.00928526821232
86.7284719221,0.00924483421859
86.9330202049,0.00920366049664
87.1375684877,0.00916097858456
87.3421167706,0.00911627169734
87.5466650534,0.00906850173123
87.7512133362,0.00901667676451
87.9557616191,0.00895942114112
88.1603099019,0.00889441879766
88.3648581847,0.00882012424381
88.5694064676,0.00873501213714
88.7739547504,0.00863841392774
88.9785030332,0.00853116739975
89.1830513161,0.00841388520662
89.3875995989,0.00828706494368
89.5921478817,0.00815155954107
89.7966961646,0.00800816846598
90.0012444474,0.0078577912263
90.2057927303,0.0077013912242
90.4103410131,0.00753930584662
90.6148892959,0.00737178829654
90.8194375788,0.00719981057543
91.0239858616,0.00702503611388
91.2285341444,0.00684832854454
91.4330824273,0.00667068060825
91.6376307101,0.00649278296066
91.8421789929,0.00631590801483
92.0467272758,0.00614160652139
92.2512755586,0.00597107241633
92.4558238414,0.00580506970892
92.6603721243,0.00564382979026
92.8649204071,0.00548812548404
93.0694686899,0.00533827001466
93.2740169728,0.0051946986161
93.4785652556,0.00505793393258
93.6831135384,0.00492738900228
93.8876618213,0.00480280917371
94.0922101041,0.0046838362375
94.296758387,0.00457031199606
94.5013066698,0.00446195660903
94.7058549526,0.00435860595545
94.9104032355,0.00426042002257
95.1149515183,0.00416681245095
95.3194998011,0.00407715571762
95.524048084,0.00399065322893
95.7285963668,0.00390672990362
95.9331446496,0.00382421337699
96.1376929325,0.00374232715605
96.3422412153,0.00366040053421
96.5467894981,0.00357769143779
96.751337781,0.00349420916769
96.9558860638,0.00340967557838
97.1604343466,0.00332358651969
97.3649826295,0.00323596311622
97.5695309123,0.00314787128336
97.7740791951,0.00305928665688
97.978627478,0.00297057612297
98.1831757608,0.00288240266636
98.3877240437,0.00279537230415
98.5922723265,0.0027098293568
98.7968206093,0.00262643463653
99.0013688922,0.00254613272087
99.205917175,0.00246919197788
99.4104654578,0.00239531234742
99.6150137407,0.00232486657586
99.8195620235,0.00225849773102
100.024110306,0.00219583490318
100.228658589,0.00213660568155
100.433206872,0.00208028342727
100.637755155,0.00202652932307
100.842303438,0.00197518471154
101.046851721,0.00192574885657
101.251400003,0.00187795765792
101.455948286,0.00183175830448
101.660496569,0.00178717073999
101.865044852,0.00174462333813
102.069593135,0.00170467742423
102.274141418,0.00166764523026
102.4786897,0.00163443993399
102.683237983,0.00160600950071
102.887786266,0.00158306347766
103.092334549,0.00156636514166
103.296882832,0.00155703446216
103.501431115,0.00155611861989
103.705979397,0.00156462951414
103.91052768,0.00158314610467
104.115075963,0.00161228600186
104.319624246,0.0016521086516
104.524172529,0.00170303091514
104.728720812,0.00176542419461
104.933269094,0.0018399743412
105.137817377,0.00192709569572
105.34236566,0.00202624176785
105.546913943,0.0021370840837
105.751462226,0.00225864638046
105.956010509,0.00238997542981
106.160558791,0.00253029472891
106.365107074,0.00267880438867
106.569655357,0.0028339837293
106.77420364,0.00299481687817
106.978751923,0.00316003420561
107.183300206,0.00332888914599
107.387848488,0.00350030826665
107.592396771,0.00367324748006
107.796945054,0.00384667022007
108.001493337,0.004019680591
108.20604162,0.00419121877987
108.410589903,0.00436009843304
108.615138185,0.00452546661309
108.819686468,0.00468631390798
109.024234751,0.0048425566533
109.228783034,0.00499444474124
109.433331317,0.00514255614652
109.6378796,0.00528747847834
109.842427882,0.00542943442897
110.046976165,0.00556928053138
110.251524448,0.0057075966212
110.456072731,0.00584499664099
110.660621014,0.00598180978381
110.865169297,0.00611828355925
111.069717579,0.00625524230176
111.274265862,0.00639360141605
111.478814145,0.00653295825361
111.683362428,0.00667252766961
111.887910711,0.00681224730775
112.092458994,0.00695166947905
112.297007276,0.00708996056835
112.501555559,0.00722615083154
112.706103842,0.00735988415295
112.910652125,0.00749090964105
113.115200408,0.00761882586791
113.319748691,0.00774326696595
113.524296973,0.00786339199968
113.728845256,0.00797921551181
113.933393539,0.00809006176209
114.137941822,0.00819495155993
114.342490105,0.00829323077032
114.547038388,0.00838479313083
114.75158667,0.00847038112336
114.956134953,0.0085510298899
115.160683236,0.00862777831449
115.365231519,0.00870107062937
115.569779802,0.00877222965289
115.774328085,0.00884161864061
115.978876367,0.00890931723717
116.18342465,0.00897564061629
116.387972933,0.00903988304849
116.592521216,0.0091016364871
116.797069499,0.00916090101734
117.001617782,0.00921775453918
117.206166064,0.00927226079858
117.410714347,0.00932385890378
117.61526263,0.00937200787635
117.819810913,0.00941582582839
118.024359196,0.00945460434676
118.228907479,0.00948802245275
118.433455761,0.00951492331177
118.638004044,0.00953461506197
118.842552327,0.00954738053102
119.04710061,0.00955246987907
119.251648893,0.00954975871053
119.456197176,0.0095393018274
119.660745458,0.00952146919608
119.865293741,0.00949683409623
120.069842024,0.00946618430165
120.274390307,0.00943022230494
120.47893859,0.00938920476489
120.683486873,0.00934355458608
120.888035156,0.00929456508436
121.092583438,0.00924305557196
121.297131721,0.00918983804774
121.501680004,0.00913530956459
121.706228287,0.0090803386796
121.91077657,0.00902597290367
122.115324853,0.00897247235552
122.319873135,0.00892032792306
122.524421418,0.00887013125573
122.728969701,0.00882180093337
122.933517984,0.008775122764
123.138066267,0.00872993843611
123.34261455,0.00868557956092
123.547162832,0.00864113603975
123.751711115,0.00859687492306
123.956259398,0.00855271845311
124.160807681,0.00850887537504
124.365355964,0.00846589083118
124.569904247,0.0084238261154
124.774452529,0.00838253472331
124.979000812,0.00834224550232
125.183549095,0.00830284141675
125.388097378,0.0082641118637
125.592645661,0.00822670662454
125.797193944,0.00819084039472
126.001742226,0.00815724388547
126.206290509,0.00812655455906
126.410838792,0.00809860975839
126.615387075,0.00807305457021
126.819935358,0.00804979186118
127.024483641,0.00802932294837
127.229031923,0.00801132496426
127.433580206,0.00799547541405
127.638128489,0.00798166482303
127.842676772,0.00797010684301
128.047225055,0.00796135787302
128.251773338,0.00795517600577
128.45632162,0.00795176948339
128.660869903,0.00795151772558
128.865418186,0.00795395955206
129.069966469,0.00795793901035
129.274514752,0.00796328052932
129.479063035,0.00796949166152
129.683611317,0.00797603005787
129.8881596,0.00798220291864
130.092707883,0.00798790986591
130.297256166,0.007993163226
130.501804449,0.00799738720577
130.706352732,0.00799995049195
130.910901014,0.00800098236092
131.115449297,0.00799976626568
131.31999758,0.0079963775261
131.524545863,0.00799074639425
131.729094146,0.00798352373964
131.933642429,0.00797489703701
132.138190711,0.00796456921699
132.342738994,0.00795231157449
132.547287277,0.00793914102614
132.75183556,0.00792650703368
132.956383843,0.00791503681644
133.160932126,0.00790546796387
133.365480408,0.00789852300668
133.570028691,0.00789407004304
133.774576974,0.0078919838708
133.979125257,0.00789283232255
134.18367354,0.00789841115797
134.388221823,0.00790930779484
134.592770105,0.00792616244977
134.797318388,0.00794898479238
135.001866671,0.00797800574538
135.206414954,0.00801367908096
135.410963237,0.00805587531817
135.61551152,0.00810473409866
135.820059802,0.00816016677307
136.024608085,0.00822229351769
136.229156368,0.00829082734828
136.433704651,0.00836463070459
136.638252934,0.0084433425937
136.842801217,0.00852641188545
137.047349499,0.00861247886667
137.251897782,0.00870061482697
137.456446065,0.00878956852972
137.660994348,0.00887857286059
137.865542631,0.00896580856564
138.070090914,0.00904972447232
138.274639196,0.00912999862736
138.479187479,0.00920572750182
138.683735762,0.0092763830749
138.888284045,0.0093417106449
139.092832328,0.00940143009139
139.297380611,0.00945576852279
139.501928893,0.00950570512067
139.706477176,0.00955256749215
139.911025459,0.00959672604788
140.115573742,0.00963835447932
140.320122025,0.00967780198909
140.524670308,0.0097154392992
140.729218591,0.009751604317
140.933766873,0.00978711172941
141.138315156,0.0098226538009
141.342863439,0.00985913516409
141.547411722,0.00989708839033
141.751960005,0.00993711687343
141.956508288,0.0099784417253
142.16105657,0.0100203624158
142.365604853,0.0100632093623
142.570153136,0.0101071068148
142.774701419,0.0101523644888
142.979249702,0.0101988084679
143.183797985,0.0102465502675
143.388346267,0.010295507104
143.59289455,0.0103461752292
143.797442833,0.0103981982894
144.001991116,0.0104502096113
144.206539399,0.0105020185852
144.411087682,0.0105531159147
144.615635964,0.0106036349074
144.820184247,0.0106529269444
145.02473253,0.0107007642454
145.229280813,0.0107469076743
145.433829096,0.0107908923891
145.638377379,0.0108313514564
145.842925661,0.0108679530505
146.047473944,0.0109008221737
146.252022227,0.0109307126695
146.45657051,0.0109580550056
146.661118793,0.0109841081677
146.865667076,0.0110103084914
147.070215358,0.0110378075705
147.274763641,0.0110673347295
147.479311924,0.0110996868016
147.683860207,0.0111346848888
147.88840849,0.0111729829656
148.092956773,0.0112150692418
148.297505055,0.0112612269681
148.502053338,0.01131109366
148.706601621,0.0113647470461
148.911149904,0.0114224002996
149.115698187,0.011483062836
149.32024647,0.0115456120632
149.524794752,0.0116094364524
149.729343035,0.0116736887706
149.933891318,0.0117384519063
150.138439601,0.0118034488905
150.342987884,0.0118682231069
150.547536167,0.0119320807304
150.752084449,0.0119941654904
150.956632732,0.0120546837151
151.161181015,0.0121139117579
151.365729298,0.0121716581085
151.570277581,0.012228218694
151.774825864,0.0122838532744
151.979374146,0.012338660174
152.183922429,0.0123923151757
152.388470712,0.0124448935232
152.593018995,0.0124962288627
152.797567278,0.0125462909809
153.002115561,0.0125953060346
153.206663843,0.0126425510607
153.411212126,0.0126876662104
153.615760409,0.0127306985323
153.820308692,0.0127708855603
154.024856975,0.0128073387535
154.229405258,0.0128395652262
154.43395354,0.0128674971903
154.638501823,0.0128911239813
154.843050106,0.0129117521421
155.047598389,0.012929774338
155.252146672,0.0129459028007
155.456694955,0.0129611532175
155.661243237,0.0129764584241
155.86579152,0.0129930340865
156.070339803,0.0130117184898
156.274888086,0.013032843933
156.479436369,0.0130565972939
156.683984652,0.0130835218005
156.888532934,0.0131136559314
157.093081217,0.0131473088579
157.2976295,0.0131849434054
157.502177783,0.0132266833751
157.706726066,0.0132727971516
157.911274349,0.0133230815048
158.115822631,0.0133771334707
158.320370914,0.0134350381662
158.524919197,0.0134969227715
158.72946748,0.0135613739898
158.934015763,0.0136275350183
159.138564046,0.0136944771458
159.343112328,0.013760803123
159.547660611,0.0138263614827
159.752208894,0.0138909294832
159.956757177,0.0139536487795
160.16130546,0.0140146266176
160.365853743,0.0140739367265
160.570402026,0.0141309832091
160.774950308,0.0141856617887
160.979498591,0.014237393956
161.184046874,0.0142852803502
161.388595157,0.0143295467008
161.59314344,0.0143698968285
161.797691723,0.014405934109
162.002240005,0.0144376936624
162.206788288,0.0144654215875
162.411336571,0.0144900678519
162.615884854,0.0145120135138
162.820433137,0.0145317169938
163.02498142,0.0145496089673
163.229529702,0.0145660417035
163.434077985,0.0145814669477
163.638626268,0.0145961701172
163.843174551,0.0146101310087
164.047722834,0.0146235107874
164.252271117,0.0146357605738
164.456819399,0.0146458109767
164.661367682,0.0146540533327
164.865915965,0.014660539856
165.070464248,0.0146648046686
165.275012531,0.0146664719819
165.479560814,0.0146651410822
165.684109096,0.0146615395028
165.888657379,0.0146568890967
166.093205662,0.0146518201776
166.297753945,0.0146464267464
166.502302228,0.0146413562396
166.706850511,0.0146363468664
166.911398793,0.014631013515
167.115947076,0.0146248423033
167.320495359,0.0146181556868
167.525043642,0.0146120093544
167.729591925,0.0146069631925
167.934140208,0.0146037127755
168.13868849,0.0146026941546
168.343236773,0.0146053535535
168.547785056,0.0146113868245
168.752333339,0.0146203923124
168.956881622,0.0146323325506
169.161429905,0.0146464719372
169.365978187,0.0146624944276
169.57052647,0.0146795996135
169.775074753,0.0146964871784
169.979623036,0.0147135482764
170.184171319,0.014730538681
170.388719602,0.0147465162625
170.593267884,0.0147612083241
170.797816167,0.0147742417433
171.00236445,0.014784676883
171.206912733,0.0147927789782
171.411461016,0.014799819996
171.616009299,0.0148068242146
171.820557581,0.0148144542506
172.025105864,0.0148225714753
172.229654147,0.0148319666923
172.43420243,0.0148438491761
172.638750713,0.0148590663272
172.843298996,0.0148787494213
173.047847278,0.0149021785375
173.252395561,0.0149288098258
173.456943844,0.0149589869221
173.661492127,0.014992279009
173.86604041,0.0150274897041
174.070588693,0.0150639156841
174.275136975,0.015100084944
174.479685258,0.0151346330598
174.684233541,0.0151656076728
174.888781824,0.0151913877008
175.093330107,0.0152105892806
175.29787839,0.0152223061006
175.502426672,0.0152265216844
175.706974955,0.015223080786
175.911523238,0.0152116591511
176.116071521,0.0151909973419
176.320619804,0.0151605074075
176.525168087,0.0151203432521
176.729716369,0.0150714796669
176.934264652,0.0150143070353
177.138812935,0.0149482183388
177.343361218,0.0148729883571
177.547909501,0.0147879375032
177.752457784,0.0146930732412
177.957006066,0.0145879564338
178.161554349,0.0144731372809
178.366102632,0.0143493476436
178.570650915,0.0142177149697
178.775199198,0.0140789569459
178.979747481,0.0139335248167
179.184295763,0.0137827798733
179.388844046,0.013628278428
179.593392329,0.013471328386
179.797940612,0.0133130266269
180.002488895,0.0131547143038
180.207037178,0.0129973173261
180.411585461,0.0128407351281
180.616133743,0.0126852074528
180.820682026,0.0125316454733
181.025230309,0.0123800573674
181.229778592,0.0122307877871
181.434326875,0.0120845912107
181.638875158,0.0119423172263
181.84342344,0.0118051205149
182.047971723,0.0116735836206
182.252520006,0.0115481727516
182.457068289,0.0114305464097
182.661616572,0.0113214783219
182.866164855,0.0112210048608
183.070713137,0.0111292089849
183.27526142,0.011046010114
183.479809703,0.0109715283454
183.684357986,0.0109063934863
183.888906269,0.0108508659532
184.093454552,0.0108046095499
184.298002834,0.0107664636635
184.502551117,0.0107351624879
184.7070994,0.0107102218607
184.911647683,0.0106904474922
185.116195966,0.0106745584076
185.320744249,0.0106619810537
185.525292531,0.0106514852852
185.729840814,0.0106416470252
185.934389097,0.0106307701956
186.13893738,0.0106172642326
186.343485663,0.0105996002654
186.548033946,0.0105776955303
186.752582228,0.0105514959998
186.957130511,0.0105210447869
187.161678794,0.0104869080944
187.366227077,0.0104504038072
187.57077536,0.010412335758
187.775323643,0.0103737489152
187.979871925,0.0103358589438
188.184420208,0.0102993196803
188.388968491,0.0102652271266
188.593516774,0.0102340559439
188.798065057,0.0102064819992
189.00261334,0.0101845563331
189.207161622,0.0101705766123
189.411709905,0.0101645541314
189.616258188,0.0101675611704
189.820806471,0.0101796429196
190.025354754,0.0102012354757
190.229903037,0.0102333638952
190.434451319,0.0102765639446
190.638999602,0.0103312440085
190.843547885,0.0103977116292
191.048096168,0.0104765702767
191.252644451,0.0105682747122
191.457192734,0.0106729618072
191.661741016,0.0107892641078
191.866289299,0.0109163085059
192.070837582,0.0110533707339
192.275385865,0.0111995459598
192.479934148,0.0113537600535
192.684482431,0.0115157776667
192.889030713,0.0116851676215
193.093578996,0.0118616261901
193.298127279,0.012044982376
193.502675562,0.0122347394142
193.707223845,0.0124313334918
193.911772128,0.0126346225619
194.11632041,0.0128449158535
194.320868693,0.0130628495141
194.525416976,0.013289366894
194.729965259,0.0135251901205
194.934513542,0.0137694989156
195.139061825,0.014021745894
195.343610107,0.014282122088
195.54815839,0.0145489055195
195.752706673,0.0148211100138
195.957254956,0.0150978132946
196.161803239,0.0153775789791
196.366351522,0.0156601241847
196.570899804,0.0159444427388
196.775448087,0.01622892363
196.97999637,0.0165129230069
197.184544653,0.0167952005999
197.389092936,0.0170763954868
197.593641219,0.0173572877649
197.798189501,0.0176379250044
198.002737784,0.0179187244315
198.207286067,0.0182003301187
198.41183435,0.0184828602153
198.616382633,0.0187655697285
198.820930916,0.0190479636273
199.025479198,0.0193299486014
199.230027481,0.0196114776819
199.434575764,0.0198922302065
199.639124047,0.0201710797998
199.84367233,0.0204477000419
200.048220613,0.0207221077139
200.252768896,0.0209939877215
200.457317178,0.0212624014224
200.661865461,0.0215270217899
200.866413744,0.0217876235097
201.070962027,0.0220434099632
201.27551031,0.0222932385107
201.480058593,0.0225377267227
201.684606875,0.0227773722307
201.889155158,0.0230121482665
202.093703441,0.0232423025473
202.298251724,0.023468167167
202.502800007,0.0236896817485
202.70734829,0.0239077055379
202.911896572,0.0241230015131
203.116444855,0.0243360898341
203.320993138,0.0245481593443
203.525541421,0.0247603335988
203.730089704,0.0249730268474
203.934637987,0.0251858951299
204.139186269,0.0253990699382
204.343734552,0.0256111287785
