epoch,loss,training_field
0.000000000000000000e+00,5.287300328265992500e-03,5.000000000000000000e-01
1.000000000000000000e+00,5.278343516176103173e-03,5.000000000000000000e-01
2.000000000000000000e+00,5.196848208495073208e-03,5.000000000000000000e-01
3.000000000000000000e+00,4.871360927465378729e-03,5.000000000000000000e-01
4.000000000000000000e+00,3.981293940273192104e-03,5.000000000000000000e-01
5.000000000000000000e+00,2.273538597961287551e-03,5.000000000000000000e-01
6.000000000000000000e+00,2.976272529807044882e-04,5.000000000000000000e-01
7.000000000000000000e+00,1.005061383866281011e-03,5.000000000000000000e-01
8.000000000000000000e+00,1.602860888496631742e-03,5.000000000000000000e-01
9.000000000000000000e+00,5.878109783457729099e-04,5.000000000000000000e-01
1.000000000000000000e+01,4.620513549794100141e-06,5.000000000000000000e-01
1.100000000000000000e+01,2.364199773781879325e-04,5.000000000000000000e-01
1.200000000000000000e+01,6.175111558000546648e-04,5.000000000000000000e-01
1.300000000000000000e+01,7.551311386747271148e-04,5.000000000000000000e-01
1.400000000000000000e+01,6.124653574855407068e-04,5.000000000000000000e-01
1.500000000000000000e+01,3.055391335371254930e-04,5.000000000000000000e-01
1.600000000000000000e+01,4.302389985707187039e-05,5.000000000000000000e-01
1.700000000000000000e+01,3.532519549397984161e-05,5.000000000000000000e-01
1.800000000000000000e+01,2.618843641360396688e-04,5.000000000000000000e-01
1.900000000000000000e+01,4.139814329882515959e-04,5.000000000000000000e-01
2.000000000000000000e+01,3.113172851084150951e-04,5.000000000000000000e-01
2.100000000000000000e+01,1.007903104690243930e-04,5.000000000000000000e-01
2.200000000000000000e+01,4.424565077400799906e-07,5.000000000000000000e-01
2.300000000000000000e+01,5.699491985067463062e-05,5.000000000000000000e-01
2.400000000000000000e+01,1.653009755186819535e-04,5.000000000000000000e-01
2.500000000000000000e+01,2.163549864143465352e-04,5.000000000000000000e-01
2.600000000000000000e+01,1.752160912307995644e-04,5.000000000000000000e-01
2.700000000000000000e+01,7.990033506847083031e-05,5.000000000000000000e-01
2.800000000000000000e+01,7.393922379290708932e-06,5.000000000000000000e-01
2.900000000000000000e+01,1.543355141110527260e-05,5.000000000000000000e-01
3.000000000000000000e+01,8.211719699227444853e-05,5.000000000000000000e-01
3.100000000000000000e+01,1.219062816489454801e-04,5.000000000000000000e-01
3.200000000000000000e+01,8.873426432348215022e-05,5.000000000000000000e-01
3.300000000000000000e+01,2.608792591585398435e-05,5.000000000000000000e-01
3.400000000000000000e+01,3.756677618759259484e-08,5.000000000000000000e-01
3.500000000000000000e+01,2.312490086223702548e-05,5.000000000000000000e-01
3.600000000000000000e+01,5.801415520893139094e-05,5.000000000000000000e-01
3.700000000000000000e+01,6.670687356700767949e-05,5.000000000000000000e-01
3.800000000000000000e+01,4.286496894433213981e-05,5.000000000000000000e-01
3.900000000000000000e+01,1.077569760290777495e-05,5.000000000000000000e-01
4.000000000000000000e+01,4.941567413838959344e-07,5.000000000000000000e-01
4.100000000000000000e+01,1.764116339206223230e-05,5.000000000000000000e-01
4.200000000000000000e+01,3.713083489285270663e-05,5.000000000000000000e-01
4.300000000000000000e+01,3.406502335380510934e-05,5.000000000000000000e-01
4.400000000000000000e+01,1.374353224359949516e-05,5.000000000000000000e-01
4.500000000000000000e+01,3.865680039715060356e-07,5.000000000000000000e-01
4.600000000000000000e+01,5.393807514270563364e-06,5.000000000000000000e-01
4.700000000000000000e+01,1.804162347630509472e-05,5.000000000000000000e-01
4.800000000000000000e+01,2.222121288595723109e-05,5.000000000000000000e-01
4.900000000000000000e+01,1.385348653972098850e-05,5.000000000000000000e-01
5.000000000000000000e+01,2.779233279684278659e-06,5.000000000000000000e-01
5.100000000000000000e+01,5.838057689741715195e-07,5.000000000000000000e-01
5.200000000000000000e+01,7.547658789569074927e-06,5.000000000000000000e-01
5.300000000000000000e+01,1.311841600368797305e-05,5.000000000000000000e-01
5.400000000000000000e+01,9.989270889877656552e-06,5.000000000000000000e-01
5.500000000000000000e+01,2.719954493658846572e-06,5.000000000000000000e-01
5.600000000000000000e+01,7.563149013090593910e-08,5.000000000000000000e-01
5.700000000000000000e+01,3.638064483742723345e-06,5.000000000000000000e-01
5.800000000000000000e+01,7.494832883567334801e-06,5.000000000000000000e-01
5.900000000000000000e+01,6.630208053505831931e-06,5.000000000000000000e-01
6.000000000000000000e+01,2.422541281588713125e-06,5.000000000000000000e-01
6.100000000000000000e+01,7.076129880415316973e-09,5.000000000000000000e-01
6.200000000000000000e+01,1.673883553836369360e-06,5.000000000000000000e-01
6.300000000000000000e+01,4.328772396681413640e-06,5.000000000000000000e-01
6.400000000000000000e+01,4.112895225981136877e-06,5.000000000000000000e-01
6.500000000000000000e+01,1.510076305777974215e-06,5.000000000000000000e-01
6.600000000000000000e+01,2.947225040203740165e-09,5.000000000000000000e-01
6.700000000000000000e+01,1.047012717229162394e-06,5.000000000000000000e-01
6.800000000000000000e+01,2.625917208727178931e-06,5.000000000000000000e-01
6.900000000000000000e+01,2.460714758590204899e-06,5.000000000000000000e-01
7.000000000000000000e+01,8.892961426668651054e-07,5.000000000000000000e-01
7.100000000000000000e+01,3.453856968981430730e-10,5.000000000000000000e-01
7.200000000000000000e+01,6.906646798560788334e-07,5.000000000000000000e-01
7.300000000000000000e+01,1.641049983510344959e-06,5.000000000000000000e-01
7.400000000000000000e+01,1.408128867158248747e-06,5.000000000000000000e-01
7.500000000000000000e+01,4.016027181928078424e-07,5.000000000000000000e-01
7.600000000000000000e+01,1.328434340480650366e-08,5.000000000000000000e-01
7.700000000000000000e+01,5.559093152712318706e-07,5.000000000000000000e-01
7.800000000000000000e+01,1.043260201321340769e-06,5.000000000000000000e-01
7.900000000000000000e+01,7.548309654889975699e-07,5.000000000000000000e-01
8.000000000000000000e+01,1.475863460987839932e-07,5.000000000000000000e-01
8.100000000000000000e+01,4.473140959331240707e-08,5.000000000000000000e-01
8.200000000000000000e+01,4.436827840145987193e-07,5.000000000000000000e-01
8.300000000000000000e+01,6.451694322579057072e-07,5.000000000000000000e-01
8.400000000000000000e+01,3.520902304084491459e-07,5.000000000000000000e-01
8.500000000000000000e+01,2.438176508097893131e-08,5.000000000000000000e-01
8.600000000000000000e+01,9.235466053003738455e-08,5.000000000000000000e-01
8.700000000000000000e+01,3.509728632854471203e-07,5.000000000000000000e-01
8.800000000000000000e+01,3.661742189354573145e-07,5.000000000000000000e-01
8.900000000000000000e+01,1.306324513584078001e-07,5.000000000000000000e-01
9.000000000000000000e+01,1.827610224017672646e-10,5.000000000000000000e-01
9.100000000000000000e+01,1.210101715437068038e-07,5.000000000000000000e-01
9.200000000000000000e+01,2.497816557638300908e-07,5.000000000000000000e-01
9.300000000000000000e+01,1.755728750142551176e-07,5.000000000000000000e-01
9.400000000000000000e+01,2.629743113604662918e-08,5.000000000000000000e-01
9.500000000000000000e+01,1.999174738753704523e-08,5.000000000000000000e-01
9.600000000000000000e+01,1.246496063159964353e-07,5.000000000000000000e-01
9.700000000000000000e+01,1.509577932340966507e-07,5.000000000000000000e-01
9.800000000000000000e+01,6.148440523937427359e-08,5.000000000000000000e-01
9.900000000000000000e+01,9.025914933520898515e-11,5.000000000000000000e-01
1.000000000000000000e+02,4.444904676079341728e-08,5.000000000000000000e-01
1.010000000000000000e+02,9.878368951969595616e-08,5.000000000000000000e-01
1.020000000000000000e+02,6.982019577406203010e-08,5.000000000000000000e-01
1.030000000000000000e+02,9.529901911347190984e-09,5.000000000000000000e-01
1.040000000000000000e+02,9.605580134277674989e-09,5.000000000000000000e-01
1.050000000000000000e+02,5.262837912566459528e-08,5.000000000000000000e-01
1.060000000000000000e+02,5.848314321841936106e-08,5.000000000000000000e-01
1.070000000000000000e+02,1.971613242226365405e-08,5.000000000000000000e-01
1.080000000000000000e+02,3.037712983484871995e-10,5.000000000000000000e-01
1.090000000000000000e+02,2.308663308032549660e-08,5.000000000000000000e-01
1.100000000000000000e+02,4.057254669706067144e-08,5.000000000000000000e-01
1.110000000000000000e+02,2.252559167941457140e-08,5.000000000000000000e-01
1.120000000000000000e+02,1.000237159941462099e-09,5.000000000000000000e-01
1.130000000000000000e+02,8.219160163787398085e-09,5.000000000000000000e-01
1.140000000000000000e+02,2.476411205375631592e-08,5.000000000000000000e-01
1.150000000000000000e+02,1.999360005346087666e-08,5.000000000000000000e-01
1.160000000000000000e+02,3.373676029691728576e-09,5.000000000000000000e-01
1.170000000000000000e+02,2.089217760475252793e-09,5.000000000000000000e-01
1.180000000000000000e+02,1.371595778396168424e-08,5.000000000000000000e-01
1.190000000000000000e+02,1.530478522856313360e-08,5.000000000000000000e-01
1.200000000000000000e+02,4.648537606452322917e-09,5.000000000000000000e-01
1.210000000000000000e+02,2.576807460048759582e-10,5.000000000000000000e-01
1.220000000000000000e+02,7.112776531573356223e-09,5.000000000000000000e-01
1.230000000000000000e+02,1.069635533692692516e-08,5.000000000000000000e-01
1.240000000000000000e+02,4.692647385983096462e-09,5.000000000000000000e-01
1.250000000000000000e+02,4.766316525319881248e-12,5.000000000000000000e-01
1.260000000000000000e+02,3.471394422185333202e-09,5.000000000000000000e-01
1.270000000000000000e+02,7.047982475740979561e-09,5.000000000000000000e-01
1.280000000000000000e+02,4.015105517265806703e-09,5.000000000000000000e-01
1.290000000000000000e+02,1.444057442166708569e-10,5.000000000000000000e-01
1.300000000000000000e+02,1.643032808250607063e-09,5.000000000000000000e-01
1.310000000000000000e+02,4.494261848187956973e-09,5.000000000000000000e-01
1.320000000000000000e+02,3.127537988056351874e-09,5.000000000000000000e-01
1.330000000000000000e+02,2.700342162063001899e-10,5.000000000000000000e-01
1.340000000000000000e+02,7.698639542248160705e-10,5.000000000000000000e-01
1.350000000000000000e+02,2.803481673148500167e-09,5.000000000000000000e-01
1.360000000000000000e+02,2.271820312802117394e-09,5.000000000000000000e-01
1.370000000000000000e+02,3.096019616980156202e-10,5.000000000000000000e-01
1.380000000000000000e+02,3.624912704552764640e-10,5.000000000000000000e-01
1.390000000000000000e+02,1.761134311836270925e-09,5.000000000000000000e-01
1.400000000000000000e+02,1.602819901112712423e-09,5.000000000000000000e-01
1.410000000000000000e+02,2.751007194205452087e-10,5.000000000000000000e-01
1.420000000000000000e+02,1.810725315012944526e-10,5.000000000000000000e-01
1.430000000000000000e+02,1.113533433869494407e-09,5.000000000000000000e-01
1.440000000000000000e+02,1.093319245448112846e-09,5.000000000000000000e-01
1.450000000000000000e+02,2.142030387329075136e-10,5.000000000000000000e-01
1.460000000000000000e+02,1.007117590141771208e-10,5.000000000000000000e-01
1.470000000000000000e+02,7.190707848578656189e-10,5.000000000000000000e-01
1.480000000000000000e+02,7.328011875040146784e-10,5.000000000000000000e-01
1.490000000000000000e+02,1.488999949298142949e-10,5.000000000000000000e-01
1.500000000000000000e+02,6.376618362661629122e-11,5.000000000000000000e-01
1.510000000000000000e+02,4.746282958031150315e-10,5.000000000000000000e-01
1.520000000000000000e+02,4.826298452964666490e-10,5.000000000000000000e-01
1.530000000000000000e+02,9.428092481801691185e-11,5.000000000000000000e-01
1.540000000000000000e+02,4.700677665584503254e-11,5.000000000000000000e-01
1.550000000000000000e+02,3.197402475707053209e-10,5.000000000000000000e-01
1.560000000000000000e+02,3.115518980643489872e-10,5.000000000000000000e-01
1.570000000000000000e+02,5.471113796068958103e-11,5.000000000000000000e-01
1.580000000000000000e+02,3.775035304165036855e-11,5.000000000000000000e-01
1.590000000000000000e+02,2.206946157814948304e-10,5.000000000000000000e-01
1.600000000000000000e+02,1.991317772020347544e-10,5.000000000000000000e-01
1.610000000000000000e+02,2.731941170365320640e-11,5.000000000000000000e-01
1.620000000000000000e+02,3.324738489297882073e-11,5.000000000000000000e-01
1.630000000000000000e+02,1.525033728855609246e-10,5.000000000000000000e-01
1.640000000000000000e+02,1.226505348380467890e-10,5.000000000000000000e-01
1.650000000000000000e+02,1.188474636843144534e-11,5.000000000000000000e-01
1.660000000000000000e+02,3.003955868294343333e-11,5.000000000000000000e-01
1.670000000000000000e+02,1.070360305651511803e-10,5.000000000000000000e-01
1.680000000000000000e+02,7.365198162750961578e-11,5.000000000000000000e-01
1.690000000000000000e+02,3.368431995823530312e-12,5.000000000000000000e-01
1.700000000000000000e+02,2.792918914393298844e-11,5.000000000000000000e-01
1.710000000000000000e+02,7.390938588599989465e-11,5.000000000000000000e-01
1.720000000000000000e+02,4.088011397075321985e-11,5.000000000000000000e-01
1.730000000000000000e+02,3.427130247477557960e-13,5.000000000000000000e-01
1.740000000000000000e+02,2.534100324893763738e-11,5.000000000000000000e-01
1.750000000000000000e+02,5.030614933799388104e-11,5.000000000000000000e-01
1.760000000000000000e+02,2.078751129498586184e-11,5.000000000000000000e-01
1.770000000000000000e+02,2.162373766416521027e-13,5.000000000000000000e-01
1.780000000000000000e+02,2.235139270768476486e-11,5.000000000000000000e-01
1.790000000000000000e+02,3.161913197812624221e-11,5.000000000000000000e-01
1.800000000000000000e+02,9.247161999259088805e-12,5.000000000000000000e-01
1.810000000000000000e+02,1.417801790284421510e-12,5.000000000000000000e-01
1.820000000000000000e+02,1.828934259694989184e-11,5.000000000000000000e-01
1.830000000000000000e+02,1.942855843134521369e-11,5.000000000000000000e-01
1.840000000000000000e+02,3.168705246414184787e-12,5.000000000000000000e-01
1.850000000000000000e+02,2.883985558295129114e-12,5.000000000000000000e-01
1.860000000000000000e+02,1.420573573361270467e-11,5.000000000000000000e-01
1.870000000000000000e+02,1.072960898981747309e-11,5.000000000000000000e-01
1.880000000000000000e+02,6.344443941083437721e-13,5.000000000000000000e-01
1.890000000000000000e+02,3.916879583369451731e-12,5.000000000000000000e-01
1.900000000000000000e+02,1.030842555807009703e-11,5.000000000000000000e-01
1.910000000000000000e+02,5.312553650210291792e-12,5.000000000000000000e-01
1.920000000000000000e+02,6.027711179637609989e-17,5.000000000000000000e-01
1.930000000000000000e+02,4.278159815885188100e-12,5.000000000000000000e-01
1.940000000000000000e+02,6.812172568947359428e-12,5.000000000000000000e-01
1.950000000000000000e+02,2.024860655116980758e-12,5.000000000000000000e-01
1.960000000000000000e+02,3.152535078101925377e-13,5.000000000000000000e-01
1.970000000000000000e+02,3.987650532772032099e-12,5.000000000000000000e-01
1.980000000000000000e+02,3.980642892971846948e-12,5.000000000000000000e-01
1.990000000000000000e+02,4.570460738677510097e-13,5.000000000000000000e-01
2.000000000000000000e+02,8.521642517054140872e-13,5.000000000000000000e-01
2.010000000000000000e+02,3.112484704893895317e-12,5.000000000000000000e-01
2.020000000000000000e+02,1.900036605002587715e-12,5.000000000000000000e-01
2.030000000000000000e+02,1.680448477541656549e-14,5.000000000000000000e-01
2.040000000000000000e+02,1.172490252735344041e-12,5.000000000000000000e-01
2.050000000000000000e+02,2.168332497702886461e-12,5.000000000000000000e-01
2.060000000000000000e+02,6.941633365891587833e-13,5.000000000000000000e-01
2.070000000000000000e+02,7.741891131739942237e-14,5.000000000000000000e-01
2.080000000000000000e+02,1.222925362224792677e-12,5.000000000000000000e-01
2.090000000000000000e+02,1.242708479897238999e-12,5.000000000000000000e-01
2.100000000000000000e+02,1.385273597720038373e-13,5.000000000000000000e-01
2.110000000000000000e+02,3.011408470903601392e-13,5.000000000000000000e-01
2.120000000000000000e+02,9.820306631069344704e-13,5.000000000000000000e-01
2.130000000000000000e+02,5.417285436035982429e-13,5.000000000000000000e-01
2.140000000000000000e+02,2.513322921948271522e-16,5.000000000000000000e-01
2.150000000000000000e+02,4.210505588171650035e-13,5.000000000000000000e-01
2.160000000000000000e+02,6.590657004923670210e-13,5.000000000000000000e-01
2.170000000000000000e+02,1.597927999968869852e-13,5.000000000000000000e-01
2.180000000000000000e+02,5.926102573013485858e-14,5.000000000000000000e-01
2.190000000000000000e+02,4.253059154499246255e-13,5.000000000000000000e-01
2.200000000000000000e+02,3.377346273691365145e-13,5.000000000000000000e-01
2.210000000000000000e+02,1.097412163086730586e-14,5.000000000000000000e-01
2.220000000000000000e+02,1.499425872427180463e-13,5.000000000000000000e-01
2.230000000000000000e+02,3.220125126670028326e-13,5.000000000000000000e-01
2.240000000000000000e+02,1.114998506550122059e-13,5.000000000000000000e-01
2.250000000000000000e+02,1.079936069929086798e-14,5.000000000000000000e-01
2.260000000000000000e+02,1.902114452239262993e-13,5.000000000000000000e-01
2.270000000000000000e+02,1.809571950805925794e-13,5.000000000000000000e-01
2.280000000000000000e+02,1.244424885224800156e-14,5.000000000000000000e-01
2.290000000000000000e+02,5.757173125067935773e-14,5.000000000000000000e-01
2.300000000000000000e+02,1.545469314287444492e-13,5.000000000000000000e-01
2.310000000000000000e+02,6.353363143691938877e-14,5.000000000000000000e-01
2.320000000000000000e+02,2.197063004608969242e-15,5.000000000000000000e-01
2.330000000000000000e+02,8.729811125790937370e-14,5.000000000000000000e-01
2.340000000000000000e+02,9.208505016725119375e-14,5.000000000000000000e-01
2.350000000000000000e+02,7.804517471001594326e-15,5.000000000000000000e-01
2.360000000000000000e+02,2.482333428759022500e-14,5.000000000000000000e-01
2.370000000000000000e+02,7.437392552324541438e-14,5.000000000000000000e-01
2.380000000000000000e+02,3.209347879315024861e-14,5.000000000000000000e-01
2.390000000000000000e+02,7.153526715820795674e-16,5.000000000000000000e-01
2.400000000000000000e+02,4.227531394044068168e-14,5.000000000000000000e-01
2.410000000000000000e+02,4.519673881852157002e-14,5.000000000000000000e-01
2.420000000000000000e+02,3.420589344825431346e-15,5.000000000000000000e-01
2.430000000000000000e+02,1.227769418189517301e-14,5.000000000000000000e-01
2.440000000000000000e+02,3.575854022052720345e-14,5.000000000000000000e-01
2.450000000000000000e+02,1.463095657212934979e-14,5.000000000000000000e-01
2.460000000000000000e+02,4.702444717726674926e-16,5.000000000000000000e-01
2.470000000000000000e+02,2.014126683911742141e-14,5.000000000000000000e-01
2.480000000000000000e+02,2.101964582887290773e-14,5.000000000000000000e-01
2.490000000000000000e+02,1.582391190894235608e-15,5.000000000000000000e-01
2.500000000000000000e+02,6.178306529685873851e-15,5.000000000000000000e-01
2.510000000000000000e+02,1.677971233183389831e-14,5.000000000000000000e-01
2.520000000000000000e+02,6.945204738669773894e-15,5.000000000000000000e-01
2.530000000000000000e+02,2.967960836364842725e-16,5.000000000000000000e-01
2.540000000000000000e+02,1.020510704886606335e-14,5.000000000000000000e-01
2.550000000000000000e+02,9.968393439350874390e-15,5.000000000000000000e-01
2.560000000000000000e+02,5.118376275284122885e-16,5.000000000000000000e-01
2.570000000000000000e+02,3.633873740093982657e-15,5.000000000000000000e-01
2.580000000000000000e+02,8.000632029543273628e-15,5.000000000000000000e-01
2.590000000000000000e+02,2.815464093305608671e-15,5.000000000000000000e-01
2.600000000000000000e+02,3.833515301674090319e-16,5.000000000000000000e-01
2.610000000000000000e+02,5.291945585740768336e-15,5.000000000000000000e-01
2.620000000000000000e+02,4.262284417015942231e-15,5.000000000000000000e-01
2.630000000000000000e+02,7.586130246547480115e-17,5.000000000000000000e-01
2.640000000000000000e+02,2.134346212344718995e-15,5.000000000000000000e-01
2.650000000000000000e+02,3.943045868714557467e-15,5.000000000000000000e-01
2.660000000000000000e+02,8.766714663873648787e-16,5.000000000000000000e-01
2.670000000000000000e+02,4.184749987385934768e-16,5.000000000000000000e-01
2.680000000000000000e+02,2.733634350640906704e-15,5.000000000000000000e-01
2.690000000000000000e+02,1.645396262549485399e-15,5.000000000000000000e-01
2.700000000000000000e+02,2.741537229737061029e-18,5.000000000000000000e-01
2.710000000000000000e+02,1.432118219802077178e-15,5.000000000000000000e-01
2.720000000000000000e+02,1.906812135940097301e-15,5.000000000000000000e-01
2.730000000000000000e+02,2.135516604497558672e-16,5.000000000000000000e-01
2.740000000000000000e+02,3.858433318102888188e-16,5.000000000000000000e-01
2.750000000000000000e+02,1.439114716761919025e-15,5.000000000000000000e-01
2.760000000000000000e+02,6.091369023652795568e-16,5.000000000000000000e-01
2.770000000000000000e+02,1.289062799519371394e-17,5.000000000000000000e-01
2.780000000000000000e+02,8.640186161696373972e-16,5.000000000000000000e-01
2.790000000000000000e+02,8.494149901508687805e-16,5.000000000000000000e-01
2.800000000000000000e+02,3.038467718867196001e-17,5.000000000000000000e-01
2.810000000000000000e+02,2.812936794501482797e-16,5.000000000000000000e-01
2.820000000000000000e+02,6.923274827169129948e-16,5.000000000000000000e-01
2.830000000000000000e+02,1.960210814973485998e-16,5.000000000000000000e-01
2.840000000000000000e+02,2.707769439718747393e-17,5.000000000000000000e-01
2.850000000000000000e+02,4.462203808717269092e-16,5.000000000000000000e-01
2.860000000000000000e+02,3.453417481941594726e-16,5.000000000000000000e-01
2.870000000000000000e+02,1.952424790216377355e-18,5.000000000000000000e-01
2.880000000000000000e+02,1.480630743679854710e-16,5.000000000000000000e-01
2.890000000000000000e+02,3.014969973771605190e-16,5.000000000000000000e-01
2.900000000000000000e+02,6.479843359322246044e-17,5.000000000000000000e-01
2.910000000000000000e+02,1.442716518048197341e-17,5.000000000000000000e-01
2.920000000000000000e+02,2.005862227442352423e-16,5.000000000000000000e-01
2.930000000000000000e+02,1.445275018138608490e-16,5.000000000000000000e-01
2.940000000000000000e+02,1.033094258070949581e-19,5.000000000000000000e-01
2.950000000000000000e+02,5.529712146423480852e-17,5.000000000000000000e-01
2.960000000000000000e+02,1.236506365401274426e-16,5.000000000000000000e-01
2.970000000000000000e+02,2.864206986594683753e-17,5.000000000000000000e-01
2.980000000000000000e+02,1.386611848832142731e-18,5.000000000000000000e-01
2.990000000000000000e+02,7.839189027275688697e-17,5.000000000000000000e-01
0.000000000000000000e+00,6.356628547523998640e-02,1.000000000000000000e+00
1.000000000000000000e+00,6.313382485548499345e-02,1.000000000000000000e+00
2.000000000000000000e+00,5.906013604590076155e-02,1.000000000000000000e+00
3.000000000000000000e+00,4.867179359464408883e-02,1.000000000000000000e+00
4.000000000000000000e+00,2.689697794018847468e-02,1.000000000000000000e+00
5.000000000000000000e+00,3.570669906233021190e-03,1.000000000000000000e+00
6.000000000000000000e+00,5.722047714299566615e-03,1.000000000000000000e+00
7.000000000000000000e+00,1.785059311916200112e-02,1.000000000000000000e+00
8.000000000000000000e+00,1.656881984624436824e-02,1.000000000000000000e+00
9.000000000000000000e+00,7.796568018499693345e-03,1.000000000000000000e+00
1.000000000000000000e+01,6.680443331183510622e-04,1.000000000000000000e+00
1.100000000000000000e+01,1.617625806650662204e-03,1.000000000000000000e+00
1.200000000000000000e+01,6.408271759638291612e-03,1.000000000000000000e+00
1.300000000000000000e+01,7.130095105635480754e-03,1.000000000000000000e+00
1.400000000000000000e+01,4.181363584927343981e-03,1.000000000000000000e+00
1.500000000000000000e+01,9.599499274498022672e-04,1.000000000000000000e+00
1.600000000000000000e+01,4.233714500609046642e-05,1.000000000000000000e+00
1.700000000000000000e+01,1.430284923931966290e-03,1.000000000000000000e+00
1.800000000000000000e+01,3.137338333565134214e-03,1.000000000000000000e+00
1.900000000000000000e+01,3.507253103484640235e-03,1.000000000000000000e+00
2.000000000000000000e+01,2.411980393550226462e-03,1.000000000000000000e+00
2.100000000000000000e+01,8.482093551715294989e-04,1.000000000000000000e+00
2.200000000000000000e+01,1.875692404589994182e-05,1.000000000000000000e+00
2.300000000000000000e+01,3.679009661403089752e-04,1.000000000000000000e+00
2.400000000000000000e+01,1.293822429514123080e-03,1.000000000000000000e+00
2.500000000000000000e+01,1.846521408769650130e-03,1.000000000000000000e+00
2.600000000000000000e+01,1.580657602074818022e-03,1.000000000000000000e+00
2.700000000000000000e+01,7.811337133029886597e-04,1.000000000000000000e+00
2.800000000000000000e+01,1.152263367215463545e-04,1.000000000000000000e+00
2.900000000000000000e+01,5.704191548758879134e-05,1.000000000000000000e+00
3.000000000000000000e+01,5.025172139421508468e-04,1.000000000000000000e+00
3.100000000000000000e+01,9.309331929072509363e-04,1.000000000000000000e+00
3.200000000000000000e+01,9.292106172699354447e-04,1.000000000000000000e+00
3.300000000000000000e+01,5.315031118652071033e-04,1.000000000000000000e+00
3.400000000000000000e+01,1.132147604096299067e-04,1.000000000000000000e+00
3.500000000000000000e+01,1.080107780598541153e-05,1.000000000000000000e+00
3.600000000000000000e+01,2.279927244574999528e-04,1.000000000000000000e+00
3.700000000000000000e+01,4.838344220660231797e-04,1.000000000000000000e+00
3.800000000000000000e+01,5.158199134542905493e-04,1.000000000000000000e+00
3.900000000000000000e+01,3.100828196431647450e-04,1.000000000000000000e+00
4.000000000000000000e+01,7.105966474681169878e-05,1.000000000000000000e+00
4.100000000000000000e+01,4.568075155987240743e-06,1.000000000000000000e+00
4.200000000000000000e+01,1.252659554965074372e-04,1.000000000000000000e+00
4.300000000000000000e+01,2.700222408716255670e-04,1.000000000000000000e+00
4.400000000000000000e+01,2.811369018454078412e-04,1.000000000000000000e+00
4.500000000000000000e+01,1.568621292890395066e-04,1.000000000000000000e+00
4.600000000000000000e+01,2.756225124511527992e-05,1.000000000000000000e+00
4.700000000000000000e+01,7.825617557595407553e-06,1.000000000000000000e+00
4.800000000000000000e+01,8.683775052500575958e-05,1.000000000000000000e+00
4.900000000000000000e+01,1.593920686900039696e-04,1.000000000000000000e+00
5.000000000000000000e+01,1.456803777729048647e-04,1.000000000000000000e+00
5.100000000000000000e+01,6.624378830634970413e-05,1.000000000000000000e+00
5.200000000000000000e+01,4.983969744291062111e-06,1.000000000000000000e+00
5.300000000000000000e+01,1.428904499037676009e-05,1.000000000000000000e+00
5.400000000000000000e+01,6.616827576319761700e-05,1.000000000000000000e+00
5.500000000000000000e+01,9.387626027217826072e-05,1.000000000000000000e+00
5.600000000000000000e+01,6.754316589513409668e-05,1.000000000000000000e+00
5.700000000000000000e+01,1.959244395541520720e-05,1.000000000000000000e+00
5.800000000000000000e+01,1.207557560591452016e-07,1.000000000000000000e+00
5.900000000000000000e+01,2.089579738783614842e-05,1.000000000000000000e+00
6.000000000000000000e+01,4.900939384234503959e-05,1.000000000000000000e+00
6.100000000000000000e+01,4.965407756305876836e-05,1.000000000000000000e+00
6.200000000000000000e+01,2.401402558093613320e-05,1.000000000000000000e+00
6.300000000000000000e+01,2.013185774883997795e-06,1.000000000000000000e+00
6.400000000000000000e+01,4.774935672009305958e-06,1.000000000000000000e+00
6.500000000000000000e+01,2.266896156394891126e-05,1.000000000000000000e+00
6.600000000000000000e+01,3.102948349016315888e-05,1.000000000000000000e+00
6.700000000000000000e+01,2.030219182877436492e-05,1.000000000000000000e+00
6.800000000000000000e+01,4.310172921296471871e-06,1.000000000000000000e+00
6.900000000000000000e+01,6.439653470780813741e-07,1.000000000000000000e+00
7.000000000000000000e+01,9.913364282092937784e-06,1.000000000000000000e+00
7.100000000000000000e+01,1.789126586580176440e-05,1.000000000000000000e+00
7.200000000000000000e+01,1.442259996663555494e-05,1.000000000000000000e+00
7.300000000000000000e+01,4.535206403934743042e-06,1.000000000000000000e+00
7.400000000000000000e+01,1.066035566953178654e-08,1.000000000000000000e+00
7.500000000000000000e+01,4.367587467816232155e-06,1.000000000000000000e+00
7.600000000000000000e+01,1.007670439979288550e-05,1.000000000000000000e+00
7.700000000000000000e+01,9.362232006392063780e-06,1.000000000000000000e+00
7.800000000000000000e+01,3.578270866815611086e-06,1.000000000000000000e+00
7.900000000000000000e+01,3.017536427269421132e-08,1.000000000000000000e+00
8.000000000000000000e+01,2.084687048788432826e-06,1.000000000000000000e+00
8.100000000000000000e+01,5.752779204041821992e-06,1.000000000000000000e+00
8.200000000000000000e+01,5.796948132400331526e-06,1.000000000000000000e+00
8.300000000000000000e+01,2.408921827677298566e-06,1.000000000000000000e+00
8.400000000000000000e+01,4.752752446579004932e-08,1.000000000000000000e+00
8.500000000000000000e+01,1.140113183444554617e-06,1.000000000000000000e+00
8.600000000000000000e+01,3.397890181152963525e-06,1.000000000000000000e+00
8.700000000000000000e+01,3.489530710201175005e-06,1.000000000000000000e+00
8.800000000000000000e+01,1.440762972312472969e-06,1.000000000000000000e+00
8.900000000000000000e+01,2.268507525439091554e-08,1.000000000000000000e+00
9.000000000000000000e+01,7.332883906468213114e-07,1.000000000000000000e+00
9.100000000000000000e+01,2.092053326397434785e-06,1.000000000000000000e+00
9.200000000000000000e+01,2.054481701486648368e-06,1.000000000000000000e+00
9.300000000000000000e+01,7.687441371769090370e-07,1.000000000000000000e+00
9.400000000000000000e+01,1.438274980996461360e-09,1.000000000000000000e+00
9.500000000000000000e+01,5.387637758546645260e-07,1.000000000000000000e+00
9.600000000000000000e+01,1.324037423988599958e-06,1.000000000000000000e+00
9.700000000000000000e+01,1.167308017312774110e-06,1.000000000000000000e+00
9.800000000000000000e+01,3.538079590596673543e-07,1.000000000000000000e+00
9.900000000000000000e+01,5.933066832372185468e-09,1.000000000000000000e+00
1.000000000000000000e+02,4.297541435454815292e-07,1.000000000000000000e+00
1.010000000000000000e+02,8.442212682999233211e-07,1.000000000000000000e+00
1.020000000000000000e+02,6.250036971733192617e-07,1.000000000000000000e+00
1.030000000000000000e+02,1.278805054352559894e-07,1.000000000000000000e+00
1.040000000000000000e+02,3.163187384536237743e-08,1.000000000000000000e+00
1.050000000000000000e+02,3.477903156825955268e-07,1.000000000000000000e+00
1.060000000000000000e+02,5.218420755177880404e-07,1.000000000000000000e+00
1.070000000000000000e+02,3.000186586045892064e-07,1.000000000000000000e+00
1.080000000000000000e+02,2.734175934761288196e-08,1.000000000000000000e+00
1.090000000000000000e+02,6.218496002937713860e-08,1.000000000000000000e+00
1.100000000000000000e+02,2.717265982047818148e-07,1.000000000000000000e+00
1.110000000000000000e+02,3.021944537307861867e-07,1.000000000000000000e+00
1.120000000000000000e+02,1.191127468706940262e-07,1.000000000000000000e+00
1.130000000000000000e+02,2.228851890672147066e-10,1.000000000000000000e+00
1.140000000000000000e+02,8.362841831636640252e-08,1.000000000000000000e+00
1.150000000000000000e+02,1.951911924605316536e-07,1.000000000000000000e+00
1.160000000000000000e+02,1.533157624678352009e-07,1.000000000000000000e+00
1.170000000000000000e+02,3.183881053017493223e-08,1.000000000000000000e+00
1.180000000000000000e+02,8.248306609972220401e-09,1.000000000000000000e+00
1.190000000000000000e+02,8.729228047610349010e-08,1.000000000000000000e+00
1.200000000000000000e+02,1.240719657898921903e-07,1.000000000000000000e+00
1.210000000000000000e+02,6.227076553455551500e-08,1.000000000000000000e+00
1.220000000000000000e+02,2.254724247772714412e-09,1.000000000000000000e+00
1.230000000000000000e+02,2.430911345156114468e-08,1.000000000000000000e+00
1.240000000000000000e+02,7.318992668789369926e-08,1.000000000000000000e+00
1.250000000000000000e+02,6.474313939753107851e-08,1.000000000000000000e+00
1.260000000000000000e+02,1.611627897777023881e-08,1.000000000000000000e+00
1.270000000000000000e+02,2.078994242223623966e-09,1.000000000000000000e+00
1.280000000000000000e+02,3.272819923910054725e-08,1.000000000000000000e+00
1.290000000000000000e+02,4.911112410699268416e-08,1.000000000000000000e+00
1.300000000000000000e+02,2.495024164251309912e-08,1.000000000000000000e+00
1.310000000000000000e+02,8.156570284915681776e-10,1.000000000000000000e+00
1.320000000000000000e+02,1.031269844739774117e-08,1.000000000000000000e+00
1.330000000000000000e+02,2.955333022401142136e-08,1.000000000000000000e+00
1.340000000000000000e+02,2.462937039280483297e-08,1.000000000000000000e+00
1.350000000000000000e+02,5.015748920493384202e-09,1.000000000000000000e+00
1.360000000000000000e+02,1.607746088297152663e-09,1.000000000000000000e+00
1.370000000000000000e+02,1.476512209332317783e-08,1.000000000000000000e+00
1.380000000000000000e+02,1.911096645381112376e-08,1.000000000000000000e+00
1.390000000000000000e+02,7.801671734195142490e-09,1.000000000000000000e+00
1.400000000000000000e+02,2.720922670593839109e-12,1.000000000000000000e+00
1.410000000000000000e+02,5.979142184648019974e-09,1.000000000000000000e+00
1.420000000000000000e+02,1.256092299568587861e-08,1.000000000000000000e+00
1.430000000000000000e+02,8.104122128493453993e-09,1.000000000000000000e+00
1.440000000000000000e+02,7.316747801051833675e-10,1.000000000000000000e+00
1.450000000000000000e+02,1.863193320717353731e-09,1.000000000000000000e+00
1.460000000000000000e+02,7.303937662531822246e-09,1.000000000000000000e+00
1.470000000000000000e+02,6.788778224799012951e-09,1.000000000000000000e+00
1.480000000000000000e+02,1.574380808568603847e-09,1.000000000000000000e+00
1.490000000000000000e+02,3.414046653851226043e-10,1.000000000000000000e+00
1.500000000000000000e+02,3.813836236574352608e-09,1.000000000000000000e+00
1.510000000000000000e+02,4.989510610658089693e-09,1.000000000000000000e+00
1.520000000000000000e+02,1.912262853565547400e-09,1.000000000000000000e+00
1.530000000000000000e+02,4.239569278326320903e-12,1.000000000000000000e+00
1.540000000000000000e+02,1.812291671739592415e-09,1.000000000000000000e+00
1.550000000000000000e+02,3.343147158730519859e-09,1.000000000000000000e+00
1.560000000000000000e+02,1.827031577406269160e-09,1.000000000000000000e+00
1.570000000000000000e+02,5.651879494850253144e-11,1.000000000000000000e+00
1.580000000000000000e+02,7.844953606161460962e-10,1.000000000000000000e+00
1.590000000000000000e+02,2.089972329182435165e-09,1.000000000000000000e+00
1.600000000000000000e+02,1.498991519860390689e-09,1.000000000000000000e+00
1.610000000000000000e+02,1.625223718541786795e-10,1.000000000000000000e+00
1.620000000000000000e+02,2.970422873458882853e-10,1.000000000000000000e+00
1.630000000000000000e+02,1.267956460125883842e-09,1.000000000000000000e+00
1.640000000000000000e+02,1.140477227790194481e-09,1.000000000000000000e+00
1.650000000000000000e+02,2.175022989268882337e-10,1.000000000000000000e+00
1.660000000000000000e+02,1.005001008088954570e-10,1.000000000000000000e+00
1.670000000000000000e+02,7.485289494959089748e-10,1.000000000000000000e+00
1.680000000000000000e+02,8.190054935694575520e-10,1.000000000000000000e+00
1.690000000000000000e+02,2.164188098554695867e-10,1.000000000000000000e+00
1.700000000000000000e+02,2.907432057211400560e-11,1.000000000000000000e+00
1.710000000000000000e+02,4.320926252938796043e-10,1.000000000000000000e+00
1.720000000000000000e+02,5.629463746735431286e-10,1.000000000000000000e+00
1.730000000000000000e+02,1.899236685654967520e-10,1.000000000000000000e+00
1.740000000000000000e+02,6.332072923218448619e-12,1.000000000000000000e+00
1.750000000000000000e+02,2.520647048980425208e-10,1.000000000000000000e+00
1.760000000000000000e+02,3.763691935682240778e-10,1.000000000000000000e+00
1.770000000000000000e+02,1.501279241827451028e-10,1.000000000000000000e+00
1.780000000000000000e+02,4.302483778347112858e-13,1.000000000000000000e+00
1.790000000000000000e+02,1.504471625934550287e-10,1.000000000000000000e+00
1.800000000000000000e+02,2.535896309361237175e-10,1.000000000000000000e+00
1.810000000000000000e+02,1.127179633460040601e-10,1.000000000000000000e+00
1.820000000000000000e+02,2.101839310858059762e-15,1.000000000000000000e+00
1.830000000000000000e+02,9.197233599346624047e-11,1.000000000000000000e+00
1.840000000000000000e+02,1.666950072735835738e-10,1.000000000000000000e+00
1.850000000000000000e+02,8.013124802649338851e-11,1.000000000000000000e+00
1.860000000000000000e+02,7.573864604531370248e-14,1.000000000000000000e+00
1.870000000000000000e+02,5.682064015575631131e-11,1.000000000000000000e+00
1.880000000000000000e+02,1.107510136560000975e-10,1.000000000000000000e+00
1.890000000000000000e+02,5.346186083700023815e-11,1.000000000000000000e+00
1.900000000000000000e+02,9.330639474271188715e-14,1.000000000000000000e+00
1.910000000000000000e+02,3.811659060769576813e-11,1.000000000000000000e+00
1.920000000000000000e+02,7.246042503692871023e-11,1.000000000000000000e+00
1.930000000000000000e+02,3.451397227919171706e-11,1.000000000000000000e+00
1.940000000000000000e+02,3.280495517318227492e-15,1.000000000000000000e+00
1.950000000000000000e+02,2.581624540847215362e-11,1.000000000000000000e+00
1.960000000000000000e+02,4.781667110748792677e-11,1.000000000000000000e+00
1.970000000000000000e+02,2.104651390082365054e-11,1.000000000000000000e+00
1.980000000000000000e+02,6.246401850536763398e-15,1.000000000000000000e+00
1.990000000000000000e+02,1.896238296020596030e-11,1.000000000000000000e+00
2.000000000000000000e+02,3.216520763860464505e-11,1.000000000000000000e+00
2.010000000000000000e+02,1.303044465540189715e-11,1.000000000000000000e+00
2.020000000000000000e+02,1.242255058472185752e-13,1.000000000000000000e+00
2.030000000000000000e+02,1.478748292519310304e-11,1.000000000000000000e+00
2.040000000000000000e+02,2.183677586611567614e-11,1.000000000000000000e+00
2.050000000000000000e+02,7.135769508056579739e-12,1.000000000000000000e+00
2.060000000000000000e+02,3.587319659463376565e-13,1.000000000000000000e+00
2.070000000000000000e+02,1.156371903947392131e-11,1.000000000000000000e+00
2.080000000000000000e+02,1.455314230724236899e-11,1.000000000000000000e+00
2.090000000000000000e+02,3.214167724804947060e-12,1.000000000000000000e+00
2.100000000000000000e+02,6.551715873444987607e-13,1.000000000000000000e+00
2.110000000000000000e+02,8.443065861209426108e-12,1.000000000000000000e+00
2.120000000000000000e+02,8.936557136923555687e-12,1.000000000000000000e+00
2.130000000000000000e+02,1.683328142591647649e-12,1.000000000000000000e+00
2.140000000000000000e+02,9.639149564568970491e-13,1.000000000000000000e+00
2.150000000000000000e+02,6.131999906633151705e-12,1.000000000000000000e+00
2.160000000000000000e+02,5.481065900008258725e-12,1.000000000000000000e+00
2.170000000000000000e+02,6.726099137315551540e-13,1.000000000000000000e+00
2.180000000000000000e+02,8.411476402140013546e-13,1.000000000000000000e+00
2.190000000000000000e+02,4.497303425703026568e-12,1.000000000000000000e+00
2.200000000000000000e+02,3.545922913745712157e-12,1.000000000000000000e+00
2.210000000000000000e+02,1.573526977072807917e-13,1.000000000000000000e+00
2.220000000000000000e+02,8.765746861409342259e-13,1.000000000000000000e+00
2.230000000000000000e+02,2.898745985471341616e-12,1.000000000000000000e+00
2.240000000000000000e+02,1.853907424387436660e-12,1.000000000000000000e+00
2.250000000000000000e+02,2.967866630623283084e-14,1.000000000000000000e+00
2.260000000000000000e+02,6.397730435902897700e-13,1.000000000000000000e+00
2.270000000000000000e+02,2.128932413570638765e-12,1.000000000000000000e+00
2.280000000000000000e+02,8.522089873679484527e-13,1.000000000000000000e+00
2.290000000000000000e+02,1.901119514663132436e-15,1.000000000000000000e+00
2.300000000000000000e+02,5.942820112304241912e-13,1.000000000000000000e+00
2.310000000000000000e+02,1.181133992394994671e-12,1.000000000000000000e+00
2.320000000000000000e+02,4.766456414210093748e-13,1.000000000000000000e+00
2.330000000000000000e+02,1.113948610138459624e-15,1.000000000000000000e+00
2.340000000000000000e+02,4.012344922841887662e-13,1.000000000000000000e+00
2.350000000000000000e+02,7.578093784063180715e-13,1.000000000000000000e+00
2.360000000000000000e+02,2.582128253959817519e-13,1.000000000000000000e+00
2.370000000000000000e+02,6.483838688247277978e-16,1.000000000000000000e+00
2.380000000000000000e+02,3.116842980276786042e-13,1.000000000000000000e+00
2.390000000000000000e+02,5.455161733202923284e-13,1.000000000000000000e+00
2.400000000000000000e+02,1.577579321170597336e-13,1.000000000000000000e+00
2.410000000000000000e+02,2.148381050703913033e-15,1.000000000000000000e+00
2.420000000000000000e+02,1.641986068381328122e-13,1.000000000000000000e+00
2.430000000000000000e+02,3.078446053912570372e-13,1.000000000000000000e+00
2.440000000000000000e+02,1.103578750534338975e-13,1.000000000000000000e+00
2.450000000000000000e+02,7.263158750368097315e-18,1.000000000000000000e+00
2.460000000000000000e+02,7.594232878859957133e-14,1.000000000000000000e+00
2.470000000000000000e+02,1.922039765970505449e-13,1.000000000000000000e+00
2.480000000000000000e+02,8.856141865121606255e-14,1.000000000000000000e+00
2.490000000000000000e+02,1.278896406194104857e-16,1.000000000000000000e+00
2.500000000000000000e+02,4.759812664474035041e-14,1.000000000000000000e+00
2.510000000000000000e+02,9.666785701867674961e-14,1.000000000000000000e+00
2.520000000000000000e+02,6.265864321181304640e-14,1.000000000000000000e+00
2.530000000000000000e+02,1.065861919106868831e-17,1.000000000000000000e+00
2.540000000000000000e+02,2.459276258529848250e-14,1.000000000000000000e+00
2.550000000000000000e+02,4.979143209134706618e-14,1.000000000000000000e+00
2.560000000000000000e+02,2.861027830779418028e-14,1.000000000000000000e+00
2.570000000000000000e+02,1.209507348172141528e-15,1.000000000000000000e+00
2.580000000000000000e+02,4.714291642620465797e-15,1.000000000000000000e+00
2.590000000000000000e+02,3.177379770610483769e-14,1.000000000000000000e+00
2.600000000000000000e+02,2.471635529647734243e-14,1.000000000000000000e+00
2.610000000000000000e+02,1.544652299495218698e-15,1.000000000000000000e+00
2.620000000000000000e+02,1.480461470215292301e-15,1.000000000000000000e+00
2.630000000000000000e+02,1.891662640533860172e-14,1.000000000000000000e+00
2.640000000000000000e+02,1.798552037301616033e-14,1.000000000000000000e+00
2.650000000000000000e+02,1.632257441106616335e-15,1.000000000000000000e+00
2.660000000000000000e+02,8.288252285296726246e-17,1.000000000000000000e+00
2.670000000000000000e+02,9.783014712059092945e-15,1.000000000000000000e+00
2.680000000000000000e+02,1.370998633945071775e-14,1.000000000000000000e+00
2.690000000000000000e+02,2.806725635769860944e-15,1.000000000000000000e+00
2.700000000000000000e+02,7.505817664958050528e-16,1.000000000000000000e+00
2.710000000000000000e+02,5.282858175642959062e-15,1.000000000000000000e+00
2.720000000000000000e+02,1.344345097839112073e-14,1.000000000000000000e+00
2.730000000000000000e+02,5.597345869248785984e-15,1.000000000000000000e+00
2.740000000000000000e+02,1.116954278860183412e-16,1.000000000000000000e+00
2.750000000000000000e+02,4.404188010515025636e-16,1.000000000000000000e+00
2.760000000000000000e+02,4.380534867220557580e-15,1.000000000000000000e+00
2.770000000000000000e+02,4.375294477710261929e-15,1.000000000000000000e+00
2.780000000000000000e+02,6.661055551399136543e-16,1.000000000000000000e+00
2.790000000000000000e+02,8.145008763123661224e-16,1.000000000000000000e+00
2.800000000000000000e+02,1.760423587012402375e-15,1.000000000000000000e+00
2.810000000000000000e+02,6.248259614970678393e-15,1.000000000000000000e+00
2.820000000000000000e+02,3.243443883158386265e-15,1.000000000000000000e+00
2.830000000000000000e+02,7.116972512169728195e-20,1.000000000000000000e+00
2.840000000000000000e+02,2.933075270128441928e-15,1.000000000000000000e+00
2.850000000000000000e+02,4.204180656168665376e-15,1.000000000000000000e+00
2.860000000000000000e+02,8.154528912190611117e-16,1.000000000000000000e+00
2.870000000000000000e+02,6.010999956462304619e-16,1.000000000000000000e+00
2.880000000000000000e+02,2.654650044054649845e-15,1.000000000000000000e+00
2.890000000000000000e+02,1.778736182328945851e-15,1.000000000000000000e+00
2.900000000000000000e+02,4.854582603095948929e-17,1.000000000000000000e+00
2.910000000000000000e+02,1.080108863479449227e-15,1.000000000000000000e+00
2.920000000000000000e+02,2.039913024004699616e-15,1.000000000000000000e+00
2.930000000000000000e+02,5.654465271584462844e-16,1.000000000000000000e+00
2.940000000000000000e+02,1.610031452083013882e-16,1.000000000000000000e+00
2.950000000000000000e+02,1.287577121232202347e-15,1.000000000000000000e+00
2.960000000000000000e+02,9.790283388686156486e-16,1.000000000000000000e+00
2.970000000000000000e+02,2.459638729378773368e-17,1.000000000000000000e+00
2.980000000000000000e+02,5.236571476589633946e-16,1.000000000000000000e+00
2.990000000000000000e+02,9.787323531920747727e-16,1.000000000000000000e+00
0.000000000000000000e+00,5.207651629780771785e-01,2.000000000000000000e+00
1.000000000000000000e+00,5.056577535893425068e-01,2.000000000000000000e+00
2.000000000000000000e+00,4.008519308157286742e-01,2.000000000000000000e+00
3.000000000000000000e+00,2.011227790907858248e-01,2.000000000000000000e+00
4.000000000000000000e+00,1.501614150174213069e-02,2.000000000000000000e+00
5.000000000000000000e+00,3.131368216155719364e-02,2.000000000000000000e+00
6.000000000000000000e+00,9.718522687559155715e-02,2.000000000000000000e+00
7.000000000000000000e+00,1.303824528535135474e-01,2.000000000000000000e+00
8.000000000000000000e+00,1.382676730108736984e-01,2.000000000000000000e+00
9.000000000000000000e+00,1.289905463126551632e-01,2.000000000000000000e+00
1.000000000000000000e+01,1.068174161486259849e-01,2.000000000000000000e+00
1.100000000000000000e+01,7.457072584450903652e-02,2.000000000000000000e+00
1.200000000000000000e+01,3.725766782113409947e-02,2.000000000000000000e+00
1.300000000000000000e+01,6.569332170691262983e-03,2.000000000000000000e+00
1.400000000000000000e+01,3.310240053431783187e-03,2.000000000000000000e+00
1.500000000000000000e+01,2.949897282977895913e-02,2.000000000000000000e+00
1.600000000000000000e+01,3.767226470780397907e-02,2.000000000000000000e+00
1.700000000000000000e+01,1.903834261857680760e-02,2.000000000000000000e+00
1.800000000000000000e+01,1.886157928414726893e-03,2.000000000000000000e+00
1.900000000000000000e+01,2.526305058518796536e-03,2.000000000000000000e+00
2.000000000000000000e+01,1.327655641863251246e-02,2.000000000000000000e+00
2.100000000000000000e+01,2.061061095474914229e-02,2.000000000000000000e+00
2.200000000000000000e+01,1.890236016894157600e-02,2.000000000000000000e+00
2.300000000000000000e+01,1.005444277407513930e-02,2.000000000000000000e+00
2.400000000000000000e+01,1.286956430797262570e-03,2.000000000000000000e+00
2.500000000000000000e+01,2.011405531039524384e-03,2.000000000000000000e+00
2.600000000000000000e+01,9.976349654284831850e-03,2.000000000000000000e+00
2.700000000000000000e+01,1.025801518815885362e-02,2.000000000000000000e+00
2.800000000000000000e+01,4.111455803258494412e-03,2.000000000000000000e+00
2.900000000000000000e+01,1.331392293977156401e-04,2.000000000000000000e+00
3.000000000000000000e+01,1.221592679397669710e-03,2.000000000000000000e+00
3.100000000000000000e+01,4.008498482152657305e-03,2.000000000000000000e+00
3.200000000000000000e+01,4.937478532158761854e-03,2.000000000000000000e+00
3.300000000000000000e+01,3.192709670858612757e-03,2.000000000000000000e+00
3.400000000000000000e+01,6.669565987616095371e-04,2.000000000000000000e+00
3.500000000000000000e+01,2.065293225044679832e-04,2.000000000000000000e+00
3.600000000000000000e+01,2.215179483282259977e-03,2.000000000000000000e+00
3.700000000000000000e+01,2.782886700033762335e-03,2.000000000000000000e+00
3.800000000000000000e+01,1.314171254066953502e-03,2.000000000000000000e+00
3.900000000000000000e+01,7.783876175760551686e-05,2.000000000000000000e+00
4.000000000000000000e+01,3.710262016295911105e-04,2.000000000000000000e+00
4.100000000000000000e+01,1.241256354676782128e-03,2.000000000000000000e+00
4.200000000000000000e+01,1.496085062715752159e-03,2.000000000000000000e+00
4.300000000000000000e+01,9.061136456726422541e-04,2.000000000000000000e+00
4.400000000000000000e+01,1.730045339169593765e-04,2.000000000000000000e+00
4.500000000000000000e+01,4.399441939118756259e-05,2.000000000000000000e+00
4.600000000000000000e+01,5.208458029999620204e-04,2.000000000000000000e+00
4.700000000000000000e+01,8.957555099994700962e-04,2.000000000000000000e+00
4.800000000000000000e+01,6.888873469426759835e-04,2.000000000000000000e+00
4.900000000000000000e+01,2.003509052700264668e-04,2.000000000000000000e+00
5.000000000000000000e+01,1.295289781281342417e-06,2.000000000000000000e+00
5.100000000000000000e+01,2.059733407585125542e-04,2.000000000000000000e+00
5.200000000000000000e+01,4.680337504526227562e-04,2.000000000000000000e+00
5.300000000000000000e+01,4.592083752733379701e-04,2.000000000000000000e+00
5.400000000000000000e+01,2.107549453483701231e-04,2.000000000000000000e+00
5.500000000000000000e+01,1.204786602501177904e-05,2.000000000000000000e+00
5.600000000000000000e+01,6.038927255731625578e-05,2.000000000000000000e+00
5.700000000000000000e+01,2.341701405809250909e-04,2.000000000000000000e+00
5.800000000000000000e+01,2.506181336041890507e-04,2.000000000000000000e+00
5.900000000000000000e+01,1.442864641984903634e-04,2.000000000000000000e+00
6.000000000000000000e+01,1.967369567329059336e-05,2.000000000000000000e+00
6.100000000000000000e+01,1.512590346267375156e-05,2.000000000000000000e+00
6.200000000000000000e+01,1.011059073141362457e-04,2.000000000000000000e+00
6.300000000000000000e+01,1.491198105252086834e-04,2.000000000000000000e+00
6.400000000000000000e+01,1.000750878747452881e-04,2.000000000000000000e+00
6.500000000000000000e+01,2.064686820293989159e-05,2.000000000000000000e+00
6.600000000000000000e+01,4.118020438352286957e-06,2.000000000000000000e+00
6.700000000000000000e+01,5.327777043507534067e-05,2.000000000000000000e+00
6.800000000000000000e+01,8.922534674778094706e-05,2.000000000000000000e+00
6.900000000000000000e+01,6.295802344909443482e-05,2.000000000000000000e+00
7.000000000000000000e+01,1.338651243264489262e-05,2.000000000000000000e+00
7.100000000000000000e+01,2.360930904144547022e-06,2.000000000000000000e+00
7.200000000000000000e+01,3.204455836883712898e-05,2.000000000000000000e+00
7.300000000000000000e+01,5.360363268866568103e-05,2.000000000000000000e+00
7.400000000000000000e+01,3.768062103611154596e-05,2.000000000000000000e+00
7.500000000000000000e+01,7.796847494351025020e-06,2.000000000000000000e+00
7.600000000000000000e+01,1.687484865106047452e-06,2.000000000000000000e+00
7.700000000000000000e+01,2.045790002410443611e-05,2.000000000000000000e+00
7.800000000000000000e+01,3.259182251629252978e-05,2.000000000000000000e+00
7.900000000000000000e+01,2.088139715099661105e-05,2.000000000000000000e+00
8.000000000000000000e+01,3.105463262175397326e-06,2.000000000000000000e+00
8.100000000000000000e+01,2.126924706422834150e-06,2.000000000000000000e+00
8.200000000000000000e+01,1.443708229931749809e-05,2.000000000000000000e+00
8.300000000000000000e+01,1.964321681929007612e-05,2.000000000000000000e+00
8.400000000000000000e+01,1.066221207536672718e-05,2.000000000000000000e+00
8.500000000000000000e+01,8.323726644468517122e-07,2.000000000000000000e+00
8.600000000000000000e+01,2.518436960361458739e-06,2.000000000000000000e+00
8.700000000000000000e+01,1.032482429875729284e-05,2.000000000000000000e+00
8.800000000000000000e+01,1.139923884319035672e-05,2.000000000000000000e+00
8.900000000000000000e+01,4.578674191727081190e-06,2.000000000000000000e+00
9.000000000000000000e+01,2.056026096876718932e-08,2.000000000000000000e+00
9.100000000000000000e+01,2.957176003079139262e-06,2.000000000000000000e+00
9.200000000000000000e+01,7.257260619845528125e-06,2.000000000000000000e+00
9.300000000000000000e+01,6.039167116390665425e-06,2.000000000000000000e+00
9.400000000000000000e+01,1.481989937010815321e-06,2.000000000000000000e+00
9.500000000000000000e+01,1.754989443002277154e-07,2.000000000000000000e+00
9.600000000000000000e+01,2.969526624775148356e-06,2.000000000000000000e+00
9.700000000000000000e+01,4.700921691283026083e-06,2.000000000000000000e+00
9.800000000000000000e+01,2.685281189311561369e-06,2.000000000000000000e+00
9.900000000000000000e+01,2.054302570228290861e-07,2.000000000000000000e+00
1.000000000000000000e+02,6.640650015957824490e-07,2.000000000000000000e+00
1.010000000000000000e+02,2.580326783771940460e-06,2.000000000000000000e+00
1.020000000000000000e+02,2.631420606795441774e-06,2.000000000000000000e+00
1.030000000000000000e+02,8.571414019504068177e-07,2.000000000000000000e+00
1.040000000000000000e+02,1.288244139164904847e-08,2.000000000000000000e+00
1.050000000000000000e+02,1.007691455867163244e-06,2.000000000000000000e+00
1.060000000000000000e+02,1.851351484237852729e-06,2.000000000000000000e+00
1.070000000000000000e+02,1.149574953497472889e-06,2.000000000000000000e+00
1.080000000000000000e+02,1.072910918624952858e-07,2.000000000000000000e+00
1.090000000000000000e+02,2.437555583448086771e-07,2.000000000000000000e+00
1.100000000000000000e+02,1.023380516222020956e-06,2.000000000000000000e+00
1.110000000000000000e+02,1.037130618408912661e-06,2.000000000000000000e+00
1.120000000000000000e+02,3.111617707019122252e-07,2.000000000000000000e+00
1.130000000000000000e+02,1.359085285701027064e-08,2.000000000000000000e+00
1.140000000000000000e+02,4.518284879612047903e-07,2.000000000000000000e+00
1.150000000000000000e+02,7.423303812799412752e-07,2.000000000000000000e+00
1.160000000000000000e+02,3.956683894043028296e-07,2.000000000000000000e+00
1.170000000000000000e+02,1.514288193495630105e-08,2.000000000000000000e+00
1.180000000000000000e+02,1.539369794657780846e-07,2.000000000000000000e+00
1.190000000000000000e+02,4.519332168409780021e-07,2.000000000000000000e+00
1.200000000000000000e+02,3.667333192813797111e-07,2.000000000000000000e+00
1.210000000000000000e+02,6.527263116083013244e-08,2.000000000000000000e+00
1.220000000000000000e+02,3.370557932561465096e-08,2.000000000000000000e+00
1.230000000000000000e+02,2.421586614676825773e-07,2.000000000000000000e+00
1.240000000000000000e+02,2.830862519429507284e-07,2.000000000000000000e+00
1.250000000000000000e+02,9.559299743795243311e-08,2.000000000000000000e+00
1.260000000000000000e+02,1.892331621058179069e-09,2.000000000000000000e+00
1.270000000000000000e+02,1.161266373761401457e-07,2.000000000000000000e+00
1.280000000000000000e+02,1.949341898446901743e-07,2.000000000000000000e+00
1.290000000000000000e+02,9.876597277189162561e-08,2.000000000000000000e+00
1.300000000000000000e+02,1.847814865720126393e-09,2.000000000000000000e+00
1.310000000000000000e+02,4.997168430105635863e-08,2.000000000000000000e+00
1.320000000000000000e+02,1.242888081139820742e-07,2.000000000000000000e+00
1.330000000000000000e+02,8.495211159564116296e-08,2.000000000000000000e+00
1.340000000000000000e+02,7.939458831228130939e-09,2.000000000000000000e+00
1.350000000000000000e+02,1.929925590284162032e-08,2.000000000000000000e+00
1.360000000000000000e+02,7.530483391283879270e-08,2.000000000000000000e+00
1.370000000000000000e+02,6.570902306095624994e-08,2.000000000000000000e+00
1.380000000000000000e+02,1.182371388902598042e-08,2.000000000000000000e+00
1.390000000000000000e+02,6.538831177584801495e-09,2.000000000000000000e+00
1.400000000000000000e+02,4.413784760792572596e-08,2.000000000000000000e+00
1.410000000000000000e+02,4.749388064962488764e-08,2.000000000000000000e+00
1.420000000000000000e+02,1.242727519517667784e-08,2.000000000000000000e+00
1.430000000000000000e+02,1.855262250101551677e-09,2.000000000000000000e+00
1.440000000000000000e+02,2.564328676486715999e-08,2.000000000000000000e+00
1.450000000000000000e+02,3.288903349933777242e-08,2.000000000000000000e+00
1.460000000000000000e+02,1.101930705708352350e-08,2.000000000000000000e+00
1.470000000000000000e+02,4.029130822469576314e-10,2.000000000000000000e+00
1.480000000000000000e+02,1.495474073073582693e-08,2.000000000000000000e+00
1.490000000000000000e+02,2.230454156725333535e-08,2.000000000000000000e+00
1.500000000000000000e+02,8.733217321493159247e-09,2.000000000000000000e+00
1.510000000000000000e+02,5.582106589716017810e-11,2.000000000000000000e+00
1.520000000000000000e+02,8.927250607888154738e-09,2.000000000000000000e+00
1.530000000000000000e+02,1.484542910634257879e-08,2.000000000000000000e+00
1.540000000000000000e+02,6.445797738404730568e-09,2.000000000000000000e+00
1.550000000000000000e+02,1.902146970075970113e-12,2.000000000000000000e+00
1.560000000000000000e+02,5.503057530637404884e-09,2.000000000000000000e+00
1.570000000000000000e+02,9.806148221856356276e-09,2.000000000000000000e+00
1.580000000000000000e+02,4.484157001711309536e-09,2.000000000000000000e+00
1.590000000000000000e+02,6.304844398948598246e-13,2.000000000000000000e+00
1.600000000000000000e+02,3.526422638427892046e-09,2.000000000000000000e+00
1.610000000000000000e+02,6.513318989072242757e-09,2.000000000000000000e+00
1.620000000000000000e+02,2.985810712490513139e-09,2.000000000000000000e+00
1.630000000000000000e+02,1.770937427287133545e-13,2.000000000000000000e+00
1.640000000000000000e+02,2.388109289470040972e-09,2.000000000000000000e+00
1.650000000000000000e+02,4.291690260475877021e-09,2.000000000000000000e+00
1.660000000000000000e+02,1.883112890802919793e-09,2.000000000000000000e+00
1.670000000000000000e+02,1.120700362995435615e-12,2.000000000000000000e+00
1.680000000000000000e+02,1.662004284311980749e-09,2.000000000000000000e+00
1.690000000000000000e+02,2.834544367103530142e-09,2.000000000000000000e+00
1.700000000000000000e+02,1.139321784427944575e-09,2.000000000000000000e+00
1.710000000000000000e+02,9.654951150883060974e-12,2.000000000000000000e+00
1.720000000000000000e+02,1.189726723725078077e-09,2.000000000000000000e+00
1.730000000000000000e+02,1.846870835955428711e-09,2.000000000000000000e+00
1.740000000000000000e+02,6.536112388210648876e-10,2.000000000000000000e+00
1.750000000000000000e+02,2.414490043532280135e-11,2.000000000000000000e+00
1.760000000000000000e+02,8.813975898774200981e-10,2.000000000000000000e+00
1.770000000000000000e+02,1.187252891120640575e-09,2.000000000000000000e+00
1.780000000000000000e+02,3.540782969046743356e-10,2.000000000000000000e+00
1.790000000000000000e+02,4.474853725840857639e-11,2.000000000000000000e+00
1.800000000000000000e+02,6.572437072272719553e-10,2.000000000000000000e+00
1.810000000000000000e+02,7.594121912472207582e-10,2.000000000000000000e+00
1.820000000000000000e+02,1.648749300313419357e-10,2.000000000000000000e+00
1.830000000000000000e+02,6.419974146799113921e-11,2.000000000000000000e+00
1.840000000000000000e+02,4.914551009012135524e-10,2.000000000000000000e+00
1.850000000000000000e+02,4.625894600069074499e-10,2.000000000000000000e+00
1.860000000000000000e+02,6.391284945635242795e-11,2.000000000000000000e+00
1.870000000000000000e+02,8.156690941164178063e-11,2.000000000000000000e+00
1.880000000000000000e+02,3.568415399625556171e-10,2.000000000000000000e+00
1.890000000000000000e+02,2.667379610066913809e-10,2.000000000000000000e+00
1.900000000000000000e+02,1.713421935714233714e-11,2.000000000000000000e+00
1.910000000000000000e+02,9.155991831772092262e-11,2.000000000000000000e+00
1.920000000000000000e+02,2.543089380355212740e-10,2.000000000000000000e+00
1.930000000000000000e+02,1.434471972437866802e-10,2.000000000000000000e+00
1.940000000000000000e+02,6.338901258259334898e-13,2.000000000000000000e+00
1.950000000000000000e+02,8.980480673231210641e-11,2.000000000000000000e+00
1.960000000000000000e+02,1.694613586281138572e-10,2.000000000000000000e+00
1.970000000000000000e+02,6.748529958670726430e-11,2.000000000000000000e+00
1.980000000000000000e+02,1.600454136177860920e-12,2.000000000000000000e+00
1.990000000000000000e+02,8.513840531021232967e-11,2.000000000000000000e+00
2.000000000000000000e+02,1.100905597544625033e-10,2.000000000000000000e+00
2.010000000000000000e+02,2.520811923426026937e-11,2.000000000000000000e+00
2.020000000000000000e+02,1.004324427451179660e-11,2.000000000000000000e+00
2.030000000000000000e+02,7.034778734828078140e-11,2.000000000000000000e+00
2.040000000000000000e+02,6.133311905961017036e-11,2.000000000000000000e+00
2.050000000000000000e+02,6.101212504762709511e-12,2.000000000000000000e+00
2.060000000000000000e+02,1.651674447929957205e-11,2.000000000000000000e+00
2.070000000000000000e+02,5.534929838631145043e-11,2.000000000000000000e+00
2.080000000000000000e+02,3.173306661581593511e-11,2.000000000000000000e+00
2.090000000000000000e+02,1.113436634376371709e-13,2.000000000000000000e+00
2.100000000000000000e+02,2.131345576746992682e-11,2.000000000000000000e+00
2.110000000000000000e+02,3.632571390880474606e-11,2.000000000000000000e+00
2.120000000000000000e+02,1.288209117147356866e-11,2.000000000000000000e+00
2.130000000000000000e+02,1.079868558993247058e-12,2.000000000000000000e+00
2.140000000000000000e+02,2.115818078797113416e-11,2.000000000000000000e+00
2.150000000000000000e+02,2.280567604773525699e-11,2.000000000000000000e+00
2.160000000000000000e+02,3.028307777320431829e-12,2.000000000000000000e+00
2.170000000000000000e+02,4.558499767194717969e-12,2.000000000000000000e+00
2.180000000000000000e+02,1.672187570603014846e-11,2.000000000000000000e+00
2.190000000000000000e+02,1.094715335198732220e-11,2.000000000000000000e+00
2.200000000000000000e+02,7.912194248652688242e-14,2.000000000000000000e+00
2.210000000000000000e+02,6.318613816564061591e-12,2.000000000000000000e+00
2.220000000000000000e+02,1.175880912390678869e-11,2.000000000000000000e+00
2.230000000000000000e+02,3.805032242770889853e-12,2.000000000000000000e+00
2.240000000000000000e+02,4.365719621101679614e-13,2.000000000000000000e+00
2.250000000000000000e+02,6.913544491520937689e-12,2.000000000000000000e+00
2.260000000000000000e+02,6.790141287445272309e-12,2.000000000000000000e+00
2.270000000000000000e+02,6.173906132478878059e-13,2.000000000000000000e+00
2.280000000000000000e+02,1.737003317480317208e-12,2.000000000000000000e+00
2.290000000000000000e+02,5.548850785448288936e-12,2.000000000000000000e+00
2.300000000000000000e+02,2.823257082994484693e-12,2.000000000000000000e+00
2.310000000000000000e+02,2.704606037752300896e-16,2.000000000000000000e+00
2.320000000000000000e+02,2.759918138228943173e-12,2.000000000000000000e+00
2.330000000000000000e+02,3.644611540003489423e-12,2.000000000000000000e+00
2.340000000000000000e+02,6.542616465275740681e-13,2.000000000000000000e+00
2.350000000000000000e+02,5.279955712122620656e-13,2.000000000000000000e+00
2.360000000000000000e+02,2.352693634633910685e-12,2.000000000000000000e+00
2.370000000000000000e+02,1.583096477358729119e-12,2.000000000000000000e+00
2.380000000000000000e+02,3.375666691963490264e-14,2.000000000000000000e+00
2.390000000000000000e+02,9.518314232904204391e-13,2.000000000000000000e+00
2.400000000000000000e+02,1.875898512239621540e-12,2.000000000000000000e+00
2.410000000000000000e+02,4.633557522297477633e-13,2.000000000000000000e+00
2.420000000000000000e+02,1.487430239800700324e-13,2.000000000000000000e+00
2.430000000000000000e+02,1.025169365055338827e-12,2.000000000000000000e+00
2.440000000000000000e+02,8.317923186577416529e-13,2.000000000000000000e+00
2.450000000000000000e+02,5.502013238743029358e-14,2.000000000000000000e+00
2.460000000000000000e+02,3.773741872641804004e-13,2.000000000000000000e+00
2.470000000000000000e+02,8.445462784104116863e-13,2.000000000000000000e+00
2.480000000000000000e+02,3.020848086168281425e-13,2.000000000000000000e+00
2.490000000000000000e+02,3.912647194235415715e-14,2.000000000000000000e+00
2.500000000000000000e+02,5.140231829071759652e-13,2.000000000000000000e+00
2.510000000000000000e+02,4.516284551919875114e-13,2.000000000000000000e+00
2.520000000000000000e+02,1.955697091336088054e-14,2.000000000000000000e+00
2.530000000000000000e+02,1.767748435970675447e-13,2.000000000000000000e+00
2.540000000000000000e+02,4.344080476800484797e-13,2.000000000000000000e+00
2.550000000000000000e+02,1.259135379334909198e-13,2.000000000000000000e+00
2.560000000000000000e+02,2.052059226450922479e-14,2.000000000000000000e+00
2.570000000000000000e+02,2.531050597041976328e-13,2.000000000000000000e+00
2.580000000000000000e+02,2.103749725848945237e-13,2.000000000000000000e+00
2.590000000000000000e+02,6.867174244549239303e-15,2.000000000000000000e+00
2.600000000000000000e+02,9.008610289691515206e-14,2.000000000000000000e+00
2.610000000000000000e+02,1.913763685471129394e-13,2.000000000000000000e+00
2.620000000000000000e+02,6.172239526888980818e-14,2.000000000000000000e+00
2.630000000000000000e+02,1.009410605175137236e-14,2.000000000000000000e+00
2.640000000000000000e+02,1.242699534449413418e-13,2.000000000000000000e+00
2.650000000000000000e+02,1.006909602148213289e-13,2.000000000000000000e+00
2.660000000000000000e+02,2.440083279804568983e-15,2.000000000000000000e+00
2.670000000000000000e+02,4.712715024831064231e-14,2.000000000000000000e+00
2.680000000000000000e+02,9.041201597424798892e-14,2.000000000000000000e+00
2.690000000000000000e+02,2.565528297533422390e-14,2.000000000000000000e+00
2.700000000000000000e+02,6.182812081631094956e-15,2.000000000000000000e+00
2.710000000000000000e+02,6.057670212031736153e-14,2.000000000000000000e+00
2.720000000000000000e+02,4.473508312987160559e-14,2.000000000000000000e+00
2.730000000000000000e+02,3.903416518786757435e-16,2.000000000000000000e+00
2.740000000000000000e+02,2.389829129455782791e-14,2.000000000000000000e+00
2.750000000000000000e+02,4.254336249330057497e-14,2.000000000000000000e+00
2.760000000000000000e+02,1.165368684789942593e-14,2.000000000000000000e+00
2.770000000000000000e+02,5.400925425834202281e-15,2.000000000000000000e+00
2.780000000000000000e+02,3.275086677193611022e-14,2.000000000000000000e+00
2.790000000000000000e+02,1.955162525546565928e-14,2.000000000000000000e+00
2.800000000000000000e+02,1.857678543004180095e-17,2.000000000000000000e+00
2.810000000000000000e+02,1.540376534247012848e-14,2.000000000000000000e+00
2.820000000000000000e+02,2.046524830114594718e-14,2.000000000000000000e+00
2.830000000000000000e+02,3.214090239954301373e-15,2.000000000000000000e+00
2.840000000000000000e+02,5.041199193486709291e-15,2.000000000000000000e+00
2.850000000000000000e+02,1.721296808341378499e-14,2.000000000000000000e+00
2.860000000000000000e+02,7.059025014545563222e-15,2.000000000000000000e+00
2.870000000000000000e+02,5.727703636849199320e-16,2.000000000000000000e+00
2.880000000000000000e+02,1.050028184026839333e-14,2.000000000000000000e+00
2.890000000000000000e+02,8.742324069405525947e-15,2.000000000000000000e+00
2.900000000000000000e+02,1.566515875514374796e-16,2.000000000000000000e+00
2.910000000000000000e+02,4.965860115874649306e-15,2.000000000000000000e+00
2.920000000000000000e+02,8.104325419242689318e-15,2.000000000000000000e+00
2.930000000000000000e+02,1.313992208127782486e-15,2.000000000000000000e+00
2.940000000000000000e+02,1.565075833133730958e-15,2.000000000000000000e+00
2.950000000000000000e+02,5.972742004588441537e-15,2.000000000000000000e+00
2.960000000000000000e+02,2.526618222976890821e-15,2.000000000000000000e+00
2.970000000000000000e+02,1.953033383832944866e-16,2.000000000000000000e+00
2.980000000000000000e+02,3.646586411538481318e-15,2.000000000000000000e+00
2.990000000000000000e+02,2.978192505434173192e-15,2.000000000000000000e+00
