bin_centers,E_0.00,E_0.01,E_0.02,E_0.03,E_0.04,E_0.06,E_0.07,E_0.08,E_0.09,E_0.10
-2.712617805509855984e-01,1.673663434796380796e-04,0.000000000000000000e+00,1.673663434796380796e-04,0.000000000000000000e+00,0.000000000000000000e+00,0.000000000000000000e+00,0.000000000000000000e+00,0.000000000000000000e+00,1.673663434796380796e-04,0.000000000000000000e+00
-2.630318674174222382e-01,0.000000000000000000e+00,0.000000000000000000e+00,0.000000000000000000e+00,0.000000000000000000e+00,1.673663434796380796e-04,0.000000000000000000e+00,1.673663434796380796e-04,0.000000000000000000e+00,0.000000000000000000e+00,0.000000000000000000e+00
-2.548019542838587670e-01,0.000000000000000000e+00,0.000000000000000000e+00,0.000000000000000000e+00,0.000000000000000000e+00,0.000000000000000000e+00,0.000000000000000000e+00,1.673663434796380796e-04,1.673663434796380796e-04,0.000000000000000000e+00,0.000000000000000000e+00
-2.465720411502953791e-01,1.673663434796380796e-04,6.694653739185523183e-04,0.000000000000000000e+00,1.673663434796380796e-04,0.000000000000000000e+00,0.000000000000000000e+00,0.000000000000000000e+00,1.673663434796380796e-04,1.673663434796380796e-04,1.673663434796380796e-04
-2.383421280167319634e-01,1.673663434796380796e-04,5.020990304389141845e-04,0.000000000000000000e+00,1.673663434796380796e-04,0.000000000000000000e+00,3.347326869592761591e-04,0.000000000000000000e+00,1.673663434796380796e-04,1.673663434796380796e-04,5.020990304389141845e-04
-2.301122148831685477e-01,1.673663434796380796e-04,5.020990304389141845e-04,5.020990304389141845e-04,3.347326869592761591e-04,0.000000000000000000e+00,3.347326869592761591e-04,1.673663434796380796e-04,3.347326869592761591e-04,1.673663434796380796e-04,1.673663434796380796e-04
-2.218823017496051320e-01,1.171564404357466503e-03,1.338930747837104637e-03,1.673663434796380796e-04,1.673663434796380796e-04,5.020990304389141845e-04,8.368317173981903436e-04,3.347326869592761591e-04,3.347326869592761591e-04,8.368317173981903436e-04,5.020990304389141845e-04
-2.136523886160417163e-01,1.506297091316742770e-03,1.673663434796380687e-03,5.020990304389141845e-04,1.673663434796380796e-04,6.694653739185523183e-04,6.694653739185523183e-04,3.347326869592761591e-04,6.694653739185523183e-04,3.347326869592761591e-04,1.004198060877828369e-03
-2.054224754824783006e-01,2.845227839153847190e-03,2.343128808714933006e-03,8.368317173981903436e-04,3.347326869592761591e-04,6.694653739185523183e-04,2.510495152194571356e-03,1.171564404357466503e-03,3.347326869592761591e-04,1.004198060877828369e-03,1.004198060877828369e-03
-1.971925623489148849e-01,4.853623960909504362e-03,4.518891273950228528e-03,2.008396121755656738e-03,2.343128808714933006e-03,6.694653739185523183e-04,2.845227839153847190e-03,1.506297091316742770e-03,1.338930747837104637e-03,1.506297091316742770e-03,2.008396121755656738e-03
-1.889626492153514692e-01,7.196752769624438668e-03,5.188356647868780196e-03,2.343128808714933006e-03,1.506297091316742770e-03,3.012594182633485541e-03,3.514693213072399725e-03,2.510495152194571356e-03,1.673663434796380687e-03,3.012594182633485541e-03,4.518891273950228528e-03
-1.807327360817880257e-01,1.188301038705426305e-02,8.703049860941150864e-03,5.355722991348400332e-03,4.351524930470575432e-03,5.355722991348400332e-03,3.179960526113113049e-03,2.677861495674200166e-03,4.351524930470575432e-03,5.690455678307676166e-03,2.677861495674200166e-03
-1.725028229482246100e-01,1.790819875232127489e-02,1.841029778276018908e-02,7.364119113104076152e-03,6.527287395705885266e-03,6.192554708746608565e-03,6.694653739185522749e-03,4.016792243511313476e-03,7.364119113104076152e-03,7.029386426144799450e-03,7.364119113104076152e-03
-1.642729098146611943e-01,3.330590235244797886e-02,2.025132756103620660e-02,1.188301038705430294e-02,1.154827770009502798e-02,1.271984210445249557e-02,1.004198060877828542e-02,9.037782547900457056e-03,1.037671329573756039e-02,1.288720844793213131e-02,1.405877285228959890e-02
-1.560429966810977787e-01,4.954043766997286852e-02,3.882899168727603489e-02,2.493758517846607348e-02,1.958186218711765667e-02,1.941449584363801745e-02,1.623453531752489312e-02,1.322194113489140975e-02,2.326392174366969517e-02,1.907976315667874248e-02,2.259445636975113830e-02
-1.478130835475343630e-01,8.134004293110411177e-02,5.539825969176020992e-02,4.117212049599097007e-02,3.196697160461087206e-02,2.744808033066064787e-02,2.359865443062896667e-02,2.041869390451584582e-02,3.380800138288689305e-02,3.113013988721268291e-02,3.347326869592761461e-02
-1.395831704139709473e-01,1.246879258923303813e-01,8.401790442677832538e-02,5.539825969176020992e-02,5.121410110476926070e-02,4.435208102210409786e-02,4.016792243511314170e-02,4.033528877859278439e-02,4.753204154821721178e-02,5.472879431784165305e-02,6.092134902658826595e-02
-1.313532572804075316e-01,1.926386613450634389e-01,1.384119660576606792e-01,9.991770705734394353e-02,7.481275553539822043e-02,6.226027977442536582e-02,6.376657686574210837e-02,6.192554708746608738e-02,7.431065650495931318e-02,9.021045913552493134e-02,8.903889473116746722e-02
-1.231233441468441159e-01,2.766565657718417226e-01,2.077016322582308505e-01,1.670316107926788085e-01,1.241858268618914463e-01,1.164869750618281047e-01,1.019261031790995864e-01,9.640301384427153730e-02,1.148133116270317333e-01,1.362362035924253867e-01,1.265289556706064023e-01
-1.148934310132807002e-01,4.234368490034843835e-01,3.010920519198689305e-01,2.388317721454435438e-01,1.991659487407693441e-01,1.836008787971629697e-01,1.631821848926471308e-01,1.553159667491041396e-01,1.934754930624616176e-01,2.100447610669458065e-01,2.145636523408960272e-01
-1.066635178797172845e-01,6.056987970528102672e-01,4.654458012168735115e-01,3.454441329419730145e-01,2.830164868240679921e-01,2.726397735283304646e-01,2.634346246369503319e-01,2.430159307324344931e-01,2.887069425023757185e-01,3.066151412546969657e-01,3.251928053809368113e-01
-9.843360474615386879e-02,8.693007880332401793e-01,6.544024030053849916e-01,5.260324175565025406e-01,4.681236627125476835e-01,4.165748289208192068e-01,3.916372437423530917e-01,3.621807672899368113e-01,4.237715816904435995e-01,4.515543947080635223e-01,4.709688905517016022e-01
-9.020369161259045310e-02,1.221439574714398679e+00,9.426072464773217474e-01,7.650315560454257202e-01,6.687959085446337770e-01,6.256153919268871988e-01,5.944852520396745055e-01,5.578320228176337769e-01,6.227701640877333356e-01,6.510550761357921656e-01,6.738168988490229605e-01
-8.197377847902702352e-02,1.691738999892175910e+00,1.296921795623711127e+00,1.072483529017517201e+00,9.598459798557211764e-01,8.885479175333955704e-01,8.775017388637394999e-01,8.619366689201333198e-01,8.980877991117348635e-01,9.385904542338072698e-01,9.126486709944633402e-01
-7.374386534546359395e-02,2.288400014397091731e+00,1.764543359305824399e+00,1.447551504755389740e+00,1.359349441741620534e+00,1.268302150888697355e+00,1.285875616954059497e+00,1.268469517232176935e+00,1.264954824019104640e+00,1.357341045619864905e+00,1.331399262380521087e+00
-6.551395221190017826e-02,2.966401071833105529e+00,2.371078988076032790e+00,2.033501073277602877e+00,1.843875006115172743e+00,1.758183438253597908e+00,1.729898526205539300e+00,1.656759434104937423e+00,1.752492982575290403e+00,1.888896552511195592e+00,1.766551755427580028e+00
-5.728403907833676256e-02,3.850597464436033235e+00,3.059958857838223079e+00,2.622463235982448904e+00,2.424134118959078155e+00,2.304299817027657404e+00,2.366225364115122964e+00,2.246725794870661819e+00,2.269654983927372083e+00,2.473841922972530583e+00,2.332082630045277050e+00
-4.905412594477334687e-02,4.770610254543603546e+00,3.876706614018857078e+00,3.463479111967630697e+00,3.197533992178485551e+00,3.119708642460453873e+00,3.083892244955811712e+00,2.977279884159282020e+00,3.040042262964146147e+00,3.116863414621299899e+00,3.070502937477440408e+00
-4.082421281120993117e-02,5.755895918608233686e+00,4.803079325178653214e+00,4.318219028118142511e+00,4.022482699189621869e+00,3.895953743519015244e+00,3.965745508750024406e+00,3.860472078701332244e+00,3.935284834236730145e+00,3.949678339775979374e+00,3.776788906961513259e+00
-3.259429967764651548e-02,6.767792831286124411e+00,5.723092115286224413e+00,5.161578032912038871e+00,4.925089389575309617e+00,4.864000674205241737e+00,4.879063645118409731e+00,4.682408191529834340e+00,4.710191004547454874e+00,4.675546171447169996e+00,4.521736501789382245e+00
-2.436438654408309978e-02,7.603118251592998256e+00,6.640594410241600798e+00,6.046611257232365588e+00,5.906190895052948697e+00,5.711711203929609404e+00,5.718405857668794390e+00,5.435556737188206533e+00,5.553047910310912272e+00,5.518235710867148036e+00,5.375472219879015690e+00
-1.613447341051968409e-02,8.301872735620488442e+00,7.556925140792619011e+00,6.855325428925975295e+00,6.661180470489595606e+00,6.462014521748827178e+00,6.499169850001306870e+00,6.306363822312762935e+00,6.399754241974401126e+00,6.110545200441586999e+00,5.969288006544772429e+00
-7.904560276956268394e-03,8.733175802767515705e+00,8.224884217619853999e+00,7.335332102025578394e+00,7.249640534164003114e+00,7.102190785558442521e+00,7.098006626971450572e+00,6.824864754412682366e+00,6.937837036261437440e+00,6.520927474653658962e+00,6.523940068836292738e+00
3.253528566071473005e-04,8.880960284060035903e+00,8.408485096417017246e+00,7.856845628308129825e+00,7.658683877628239323e+00,7.411651154652292739e+00,7.366629608256269890e+00,7.164116332645908081e+00,7.066039655366840755e+00,6.748210969099007528e+00,6.594401299441220665e+00
8.555265990170562995e-03,8.706062455123813493e+00,8.509574367878718348e+00,8.030069793809555989e+00,7.701194928872066470e+00,7.318428101334134794e+00,7.294996813246985568e+00,7.201271660898387772e+00,6.926288758561342185e+00,6.688963283507216140e+00,6.564777456645323639e+00
1.678517912373397869e-02,8.183377364436903889e+00,8.366810876890587778e+00,7.918101710021677953e+00,7.491819633179040316e+00,7.168969956606817462e+00,6.973988166453040094e+00,6.877752518952246596e+00,6.513730721884035013e+00,6.288622989903921656e+00,6.192722075090089540e+00
2.501509225729739438e-02,7.585377419184156977e+00,7.943541394230582142e+00,7.765965703798686448e+00,7.167128926828541857e+00,6.754403523807753551e+00,6.326949882560758631e+00,6.281593603477776178e+00,5.890291092422383024e+00,5.721753184538386883e+00,5.608948269033111167e+00
3.324500539086081008e-02,6.637916548745925738e+00,7.323449091638524422e+00,7.180183501619953113e+00,6.562936426867048034e+00,6.126277636728672427e+00,5.621835477481043064e+00,5.562922524576210392e+00,5.316893999661142622e+00,5.075384366020024629e+00,5.065007652724287546e+00
4.147491852442422577e-02,5.630873260028943506e+00,6.537329376314664486e+00,6.547873455953880928e+00,5.995397156127594940e+00,5.516394681088871543e+00,4.978311886801834341e+00,4.810778176978717013e+00,4.552029809959196704e+00,4.423827190853794278e+00,4.464999311349784783e+00
4.970483165798764147e-02,4.716718291943160501e+00,5.586186446319880261e+00,5.842089585500247040e+00,5.477063590371156643e+00,4.955884796775563039e+00,4.322737919392092287e+00,4.299473997648423307e+00,3.946498379249865796e+00,3.907502021219110500e+00,3.835367127179386326e+00
5.793474479155105716e-02,3.805575918040010830e+00,4.698475360503880260e+00,5.149862388868464258e+00,4.850444000383391518e+00,4.455794162458404983e+00,3.975787489358802773e+00,3.802395957513897695e+00,3.503479668059263918e+00,3.335109126518748024e+00,3.354188889675426832e+00
6.616465792511447286e-02,2.941463486654638970e+00,3.835367127179386326e+00,4.410103150688462925e+00,4.373617287809902443e+00,4.020306936724386659e+00,3.605740503925322749e+00,3.378122276793015466e+00,3.105984602295123409e+00,3.030837114072765903e+00,2.987823963798499349e+00
7.439457105867788855e-02,2.223294506783512148e+00,3.063808283738254978e+00,3.738796746991635001e+00,3.824990413883648799e+00,3.649925218603947474e+00,3.318707224857743832e+00,3.161215495643403983e+00,2.873680117545385659e+00,2.832507997049394710e+00,2.729242963122458399e+00
8.262448419224130425e-02,1.672826603078982899e+00,2.371748453449951555e+00,3.149667217943309172e+00,3.370758157679911271e+00,3.356029919453702881e+00,3.097114186090702770e+00,2.996192280972481026e+00,2.761209934727069104e+00,2.646731355786996698e+00,2.581960580860376719e+00
9.085439732580471994e-02,1.194828326101136318e+00,1.851071758884797358e+00,2.588989967286521754e+00,2.993849152163766014e+00,3.055942065594712265e+00,2.926735248428431468e+00,2.868659127240996476e+00,2.715184190270168774e+00,2.590663630721318000e+00,2.525892855794698022e+00
9.908431045936813564e-02,8.778364715507016580e-01,1.360018907115539077e+00,2.089234065656322414e+00,2.599199314238779479e+00,2.820792353005820541e+00,2.770917182648888311e+00,2.790164312149046477e+00,2.590161531690879038e+00,2.562043985986299788e+00,2.485892299703064356e+00
1.073142235929315513e-01,5.934810539787966910e-01,1.022943091347547906e+00,1.653746839922303868e+00,2.194005396674575614e+00,2.547817846790530361e+00,2.696606526143928928e+00,2.693593931961295151e+00,2.522545528925105085e+00,2.514679310781561927e+00,2.453757961754973849e+00
1.155441367264949948e-01,4.036876204728843121e-01,7.288804258538189584e-01,1.281189359336621036e+00,1.851573857915223664e+00,2.278525400131777623e+00,2.494260616877029602e+00,2.565726045542834566e+00,2.454929526159315145e+00,2.463799942363735784e+00,2.520369766459853000e+00
1.237740498600584382e-01,2.796691599544752216e-01,5.032705948432717458e-01,1.009051684838737861e+00,1.555837528986715457e+00,2.005718260259982788e+00,2.281203261627466894e+00,2.406225920206756630e+00,2.324383778245213694e+00,2.401707028932806409e+00,2.437021327407010052e+00
1.320039629936218539e-01,1.742283635623032567e-01,3.605071038551403984e-01,7.275414951059867574e-01,1.256586506845122742e+00,1.739773140470837864e+00,2.059108123829987314e+00,2.217771417448684446e+00,2.213754625205172744e+00,2.285889519244896917e+00,2.368066393893399457e+00
1.402338761271852696e-01,1.138091135661539050e-01,2.510495152194571200e-01,5.471205768349368670e-01,1.001520199382154308e+00,1.500439269294955524e+00,1.854586452097869653e+00,2.000195170925154642e+00,2.066806975630050669e+00,2.182457118974480803e+00,2.269654983927372083e+00
1.484637892607486853e-01,8.200950830502266864e-02,1.762367596840588857e-01,4.128927693642671648e-01,8.018521516109461400e-01,1.287214547701896583e+00,1.608725293526281241e+00,1.814418529662756407e+00,1.907306850293955636e+00,2.052580836434281686e+00,2.153168008865543825e+00
1.566937023943121010e-01,5.338986357000455318e-02,1.114659847574389628e-01,2.826817541371087206e-01,6.403436301530953667e-01,1.051060637052127156e+00,1.385458591324444155e+00,1.608223194495842501e+00,1.770233814984132126e+00,1.891574414006869542e+00,1.981617506798914796e+00
1.649236155278755167e-01,3.648586287856109972e-02,7.899691412238916965e-02,2.160699494322127767e-01,4.813456038474391296e-01,8.517273219678781482e-01,1.191146266544584220e+00,1.384287026920086650e+00,1.585294005439131793e+00,1.721028110001118439e+00,1.829983599606362921e+00
1.731535286614389324e-01,2.259445636975113830e-02,5.322249722652491744e-02,1.563201648099819818e-01,3.519714203376789197e-01,6.808462852751677730e-01,9.981728725125615931e-01,1.194660959757656737e+00,1.462614475668557068e+00,1.548473409873611706e+00,1.631319749896032345e+00
1.813834417950023481e-01,1.372404016533032393e-02,3.598376384812219247e-02,1.067797271400091064e-01,2.542294757455702547e-01,5.318902395782898473e-01,7.827723884542673316e-01,1.023947289408425831e+00,1.256753873188602544e+00,1.344286470828453206e+00,1.474832218742570866e+00
1.896133549285657638e-01,8.535683517461541137e-03,2.242709002627150255e-02,6.912229985709053559e-02,1.705463040057512147e-01,3.805910650726970212e-01,6.207617679659777066e-01,8.682965899723623648e-01,1.060600518630466560e+00,1.215749119036091175e+00,1.275331537314842167e+00
1.978432680621291795e-01,5.523089334828056897e-03,1.539770360012670571e-02,4.451944736558373361e-02,1.332236094097919155e-01,2.696271793456969657e-01,4.928938815475341628e-01,6.897167014795885231e-01,9.240295823510817907e-01,1.040014458382471085e+00,1.118007174443982343e+00
2.060731811956925952e-01,3.849425900031676426e-03,8.200950830502266170e-03,2.828491204805883702e-02,9.305568697467878070e-02,1.936428594059412533e-01,3.523061530246381357e-01,5.419322201870681033e-01,7.678767838845795835e-01,8.626061342940547494e-01,9.600133461992040873e-01
2.143030943292560109e-01,2.343128808714933006e-03,6.025188365266971081e-03,2.125552562191403497e-02,5.472879431784165305e-02,1.399182631489774564e-01,2.644388226978281464e-01,4.184158586990952555e-01,6.107197873571993396e-01,7.303867229451406207e-01,8.018521516109461400e-01
2.225330074628193988e-01,6.694653739185568719e-04,2.845227839153866706e-03,1.288720844793221978e-02,3.899635803075593432e-02,9.606828115731290418e-02,1.966554535885760568e-01,3.159876564895588436e-01,5.062831890259086309e-01,6.063682624267328070e-01,6.962439888752991468e-01
2.307629205963828145e-01,8.368317173981847058e-04,2.175762465235280343e-03,7.698851800063299944e-03,2.343128808714917480e-02,5.807612118743402108e-02,1.375751343402615845e-01,2.364886433367270058e-01,4.056960165946399965e-01,4.831866336257119032e-01,5.832717070265347470e-01
2.389928337299462302e-01,3.347326869592784360e-04,6.694653739185568719e-04,5.020990304389176540e-03,1.623453531752500414e-02,4.686257617429898104e-02,1.009219051182224380e-01,1.939775920929018294e-01,3.179960526113145280e-01,3.931435408336725335e-01,4.599227118820485849e-01
2.472227468635096459e-01,0.000000000000000000e+00,8.368317173981847058e-04,2.175762465235280343e-03,8.870416204420758857e-03,2.677861495674191059e-02,7.297172575712171372e-02,1.298762825401982846e-01,2.440201287933106700e-01,3.208412804504640614e-01,3.824320948509704610e-01
2.554526599970731171e-01,0.000000000000000000e+00,6.694653739185477646e-04,1.506297091316732796e-03,5.523089334828019600e-03,1.506297091316732666e-02,4.702994251777798534e-02,9.205148891380032783e-02,1.902955325363472339e-01,2.528905449977314479e-01,3.047741114764189185e-01
2.636825731306365328e-01,0.000000000000000000e+00,1.673663434796392180e-04,1.171564404357474526e-03,4.016792243511341232e-03,7.698851800063404027e-03,3.431010041332603622e-02,7.297172575712269904e-02,1.394161641185394651e-01,1.921365623146258084e-01,2.565726045542869316e-01
2.719124862641999485e-01,0.000000000000000000e+00,3.347326869592738823e-04,1.004198060877821647e-03,1.673663434796369412e-03,5.690455678307657084e-03,2.292918905671026061e-02,5.188356647868745675e-02,1.039344993008545492e-01,1.583285609317365561e-01,2.025132756103606990e-01
2.801423993977633642e-01,0.000000000000000000e+00,0.000000000000000000e+00,3.347326869592784360e-04,1.673663434796391963e-03,4.853623960909537322e-03,1.690400069144356102e-02,3.648586287856134952e-02,8.000111218326755314e-02,1.213405990227384296e-01,1.601695907100147143e-01
2.883723125313267799e-01,0.000000000000000000e+00,0.000000000000000000e+00,0.000000000000000000e+00,8.368317173981847058e-04,1.004198060877821647e-03,8.535683517461483891e-03,1.958186218711752483e-02,5.824348753091366376e-02,9.405988503555597069e-02,1.288720844793204701e-01
2.966022256648901956e-01,0.000000000000000000e+00,0.000000000000000000e+00,1.673663434796392180e-04,5.020990304389176540e-04,1.004198060877835308e-03,5.355722991348454975e-03,1.656926800448428258e-02,4.535627908298223154e-02,6.661180470489640182e-02,1.020934695225799160e-01
3.048321387984536113e-01,0.000000000000000000e+00,0.000000000000000000e+00,0.000000000000000000e+00,5.020990304389108235e-04,3.347326869592738823e-04,3.347326869592738823e-03,8.703049860941121374e-03,3.196697160461065695e-02,5.104673476128927107e-02,7.849481509194973505e-02
3.130620519320170270e-01,0.000000000000000000e+00,0.000000000000000000e+00,1.673663434796392180e-04,0.000000000000000000e+00,6.694653739185568719e-04,1.506297091316752745e-03,8.535683517461600117e-03,2.493758517846624348e-02,3.899635803075593432e-02,6.359921052226290283e-02
3.212919650655804427e-01,0.000000000000000000e+00,0.000000000000000000e+00,0.000000000000000000e+00,0.000000000000000000e+00,3.347326869592738823e-04,1.841029778276006461e-03,4.351524930470560687e-03,1.673663434796369628e-02,2.527231786542518191e-02,4.702994251777798534e-02
3.295218781991438584e-01,0.000000000000000000e+00,0.000000000000000000e+00,0.000000000000000000e+00,0.000000000000000000e+00,3.347326869592784360e-04,1.506297091316752745e-03,1.338930747837113744e-03,1.338930747837113570e-02,2.092079293495490225e-02,3.447746675680567890e-02
3.377517913327072741e-01,0.000000000000000000e+00,0.000000000000000000e+00,0.000000000000000000e+00,0.000000000000000000e+00,0.000000000000000000e+00,3.347326869592738823e-04,1.338930747837095529e-03,1.020934695225785352e-02,1.456087188272841594e-02,3.280380332200884264e-02
3.459817044662706897e-01,0.000000000000000000e+00,0.000000000000000000e+00,0.000000000000000000e+00,0.000000000000000000e+00,1.673663434796392180e-04,0.000000000000000000e+00,6.694653739185568719e-04,4.351524930470619668e-03,8.535683517461600117e-03,1.874503046971959241e-02
3.542116175998341054e-01,0.000000000000000000e+00,0.000000000000000000e+00,0.000000000000000000e+00,0.000000000000000000e+00,0.000000000000000000e+00,0.000000000000000000e+00,3.347326869592738823e-04,4.184158586990924071e-03,6.359921052226203547e-03,1.238510941749313560e-02
3.624415307333975211e-01,0.000000000000000000e+00,0.000000000000000000e+00,0.000000000000000000e+00,0.000000000000000000e+00,0.000000000000000000e+00,0.000000000000000000e+00,5.020990304389176540e-04,3.012594182633505490e-03,3.849425900031702014e-03,1.138091135661546682e-02
3.706714438669609368e-01,0.000000000000000000e+00,0.000000000000000000e+00,0.000000000000000000e+00,0.000000000000000000e+00,1.673663434796369412e-04,1.673663434796369412e-04,0.000000000000000000e+00,2.343128808714917393e-03,3.514693213072375873e-03,8.535683517461483891e-03
3.789013570005243525e-01,0.000000000000000000e+00,0.000000000000000000e+00,0.000000000000000000e+00,0.000000000000000000e+00,0.000000000000000000e+00,0.000000000000000000e+00,3.347326869592784360e-04,1.506297091316752745e-03,1.506297091316752745e-03,5.857822021787372629e-03
3.871312701340877682e-01,0.000000000000000000e+00,0.000000000000000000e+00,0.000000000000000000e+00,0.000000000000000000e+00,0.000000000000000000e+00,0.000000000000000000e+00,1.673663434796369412e-04,1.004198060877821647e-03,1.338930747837095529e-03,5.188356647868746369e-03
3.953611832676511839e-01,0.000000000000000000e+00,0.000000000000000000e+00,0.000000000000000000e+00,0.000000000000000000e+00,0.000000000000000000e+00,0.000000000000000000e+00,0.000000000000000000e+00,1.338930747837113744e-03,8.368317173981959815e-04,3.347326869592783926e-03
4.035910964012145996e-01,0.000000000000000000e+00,0.000000000000000000e+00,0.000000000000000000e+00,0.000000000000000000e+00,0.000000000000000000e+00,0.000000000000000000e+00,0.000000000000000000e+00,3.347326869592738823e-04,1.673663434796369412e-04,3.514693213072375873e-03
4.118210095347780153e-01,0.000000000000000000e+00,0.000000000000000000e+00,0.000000000000000000e+00,0.000000000000000000e+00,0.000000000000000000e+00,0.000000000000000000e+00,1.673663434796392180e-04,1.673663434796392180e-04,0.000000000000000000e+00,2.175762465235309834e-03
4.200509226683414310e-01,0.000000000000000000e+00,0.000000000000000000e+00,0.000000000000000000e+00,0.000000000000000000e+00,0.000000000000000000e+00,0.000000000000000000e+00,0.000000000000000000e+00,0.000000000000000000e+00,3.347326869592738823e-04,2.175762465235280343e-03
4.282808358019048467e-01,0.000000000000000000e+00,0.000000000000000000e+00,0.000000000000000000e+00,0.000000000000000000e+00,0.000000000000000000e+00,0.000000000000000000e+00,0.000000000000000000e+00,3.347326869592784360e-04,1.673663434796392180e-04,8.368317173981959815e-04
4.365107489354682624e-01,0.000000000000000000e+00,0.000000000000000000e+00,0.000000000000000000e+00,0.000000000000000000e+00,0.000000000000000000e+00,0.000000000000000000e+00,0.000000000000000000e+00,1.673663434796369412e-04,0.000000000000000000e+00,3.347326869592738823e-04
4.447406620690316781e-01,0.000000000000000000e+00,0.000000000000000000e+00,0.000000000000000000e+00,0.000000000000000000e+00,0.000000000000000000e+00,0.000000000000000000e+00,0.000000000000000000e+00,1.673663434796392180e-04,1.673663434796392180e-04,1.338930747837113744e-03
4.529705752025950938e-01,0.000000000000000000e+00,0.000000000000000000e+00,0.000000000000000000e+00,0.000000000000000000e+00,0.000000000000000000e+00,0.000000000000000000e+00,0.000000000000000000e+00,1.673663434796369412e-04,0.000000000000000000e+00,5.020990304389108235e-04
4.612004883361585095e-01,0.000000000000000000e+00,0.000000000000000000e+00,0.000000000000000000e+00,0.000000000000000000e+00,0.000000000000000000e+00,0.000000000000000000e+00,0.000000000000000000e+00,0.000000000000000000e+00,0.000000000000000000e+00,1.673663434796392180e-04
4.694304014697219252e-01,0.000000000000000000e+00,0.000000000000000000e+00,0.000000000000000000e+00,0.000000000000000000e+00,0.000000000000000000e+00,0.000000000000000000e+00,0.000000000000000000e+00,0.000000000000000000e+00,0.000000000000000000e+00,0.000000000000000000e+00
4.776603146032853409e-01,0.000000000000000000e+00,0.000000000000000000e+00,0.000000000000000000e+00,0.000000000000000000e+00,0.000000000000000000e+00,0.000000000000000000e+00,0.000000000000000000e+00,0.000000000000000000e+00,0.000000000000000000e+00,0.000000000000000000e+00
4.858902277368487566e-01,0.000000000000000000e+00,0.000000000000000000e+00,0.000000000000000000e+00,0.000000000000000000e+00,0.000000000000000000e+00,0.000000000000000000e+00,0.000000000000000000e+00,0.000000000000000000e+00,0.000000000000000000e+00,1.673663434796369412e-04
4.941201408704121723e-01,0.000000000000000000e+00,0.000000000000000000e+00,0.000000000000000000e+00,0.000000000000000000e+00,0.000000000000000000e+00,0.000000000000000000e+00,0.000000000000000000e+00,0.000000000000000000e+00,0.000000000000000000e+00,0.000000000000000000e+00
5.023500540039755879e-01,0.000000000000000000e+00,0.000000000000000000e+00,0.000000000000000000e+00,0.000000000000000000e+00,0.000000000000000000e+00,0.000000000000000000e+00,0.000000000000000000e+00,0.000000000000000000e+00,0.000000000000000000e+00,0.000000000000000000e+00
5.105799671375390592e-01,0.000000000000000000e+00,0.000000000000000000e+00,0.000000000000000000e+00,0.000000000000000000e+00,0.000000000000000000e+00,0.000000000000000000e+00,0.000000000000000000e+00,0.000000000000000000e+00,0.000000000000000000e+00,1.673663434796369412e-04
5.188098802711025304e-01,0.000000000000000000e+00,0.000000000000000000e+00,0.000000000000000000e+00,0.000000000000000000e+00,0.000000000000000000e+00,0.000000000000000000e+00,0.000000000000000000e+00,0.000000000000000000e+00,0.000000000000000000e+00,0.000000000000000000e+00
5.270397934046658905e-01,0.000000000000000000e+00,0.000000000000000000e+00,0.000000000000000000e+00,0.000000000000000000e+00,0.000000000000000000e+00,0.000000000000000000e+00,0.000000000000000000e+00,0.000000000000000000e+00,0.000000000000000000e+00,0.000000000000000000e+00
5.352697065382292507e-01,0.000000000000000000e+00,0.000000000000000000e+00,0.000000000000000000e+00,0.000000000000000000e+00,0.000000000000000000e+00,0.000000000000000000e+00,0.000000000000000000e+00,0.000000000000000000e+00,0.000000000000000000e+00,1.673663434796392180e-04
